Path;SteerAngle;Throttle;Brake;Speed;X_Position;Y_Position;Pitch;Yaw;Roll
E:\Udacity\Robotics\Term01\Projects\RoboND-Rover-Project\IMG\robocam_2017_06_04_22_38_11_585.jpg;0;0;1;0;121.2165;98.92596;0.0002346582;20.84522;-3.907666E-06
E:\Udacity\Robotics\Term01\Projects\RoboND-Rover-Project\IMG\robocam_2017_06_04_22_38_11_613.jpg;0;0;0;0;121.2165;98.92596;0.0002313781;20.84522;-4.653571E-07
E:\Udacity\Robotics\Term01\Projects\RoboND-Rover-Project\IMG\robocam_2017_06_04_22_38_11_674.jpg;15;0;0;0;121.2165;98.92596;0.0002299088;23.5452;-1.052945E-05
E:\Udacity\Robotics\Term01\Projects\RoboND-Rover-Project\IMG\robocam_2017_06_04_22_38_11_737.jpg;10.83155;0;0;0;121.2165;98.92596;0.0002289456;25.7374;-1.714192E-05
E:\Udacity\Robotics\Term01\Projects\RoboND-Rover-Project\IMG\robocam_2017_06_04_22_38_11_804.jpg;7.010452;0;0;0;121.2165;98.92596;0.000227474;27.23737;-1.926086E-05
E:\Udacity\Robotics\Term01\Projects\RoboND-Rover-Project\IMG\robocam_2017_06_04_22_38_11_870.jpg;3.025957;0;0;0;121.2165;98.92596;0.0002275363;28.20192;-1.817518E-05
E:\Udacity\Robotics\Term01\Projects\RoboND-Rover-Project\IMG\robocam_2017_06_04_22_38_11_937.jpg;0;0;0;0;121.2165;98.92596;0.0002287086;28.26365;-1.386116E-05
E:\Udacity\Robotics\Term01\Projects\RoboND-Rover-Project\IMG\robocam_2017_06_04_22_38_12_003.jpg;0;0;0;0;121.2165;98.92596;0.0002292645;28.26365;-9.798894E-06
E:\Udacity\Robotics\Term01\Projects\RoboND-Rover-Project\IMG\robocam_2017_06_04_22_38_12_070.jpg;0;0;0;0;121.2165;98.92596;0.0002297677;28.26365;-4.400433E-06
E:\Udacity\Robotics\Term01\Projects\RoboND-Rover-Project\IMG\robocam_2017_06_04_22_38_12_140.jpg;0;0;0;0;121.2165;98.92596;0.0002303962;28.26365;-6.677401E-07
E:\Udacity\Robotics\Term01\Projects\RoboND-Rover-Project\IMG\robocam_2017_06_04_22_38_12_208.jpg;0;0;0;0;121.2165;98.92596;0.0002313564;28.26365;4.382201E-06
E:\Udacity\Robotics\Term01\Projects\RoboND-Rover-Project\IMG\robocam_2017_06_04_22_38_12_274.jpg;0.0942003;0;0;0;121.2165;98.92596;0.0002319449;28.3981;6.073835E-06
E:\Udacity\Robotics\Term01\Projects\RoboND-Rover-Project\IMG\robocam_2017_06_04_22_38_12_341.jpg;0;0;0;0;121.2165;98.92596;0.0002333781;28.3981;8.046453E-06
E:\Udacity\Robotics\Term01\Projects\RoboND-Rover-Project\IMG\robocam_2017_06_04_22_38_12_405.jpg;0;0;0;0;121.2165;98.92596;0.0002347003;28.3981;9.580122E-06
E:\Udacity\Robotics\Term01\Projects\RoboND-Rover-Project\IMG\robocam_2017_06_04_22_38_12_474.jpg;0;0;0;0;121.2165;98.92596;0.0002359872;28.3981;1.158976E-05
E:\Udacity\Robotics\Term01\Projects\RoboND-Rover-Project\IMG\robocam_2017_06_04_22_38_12_541.jpg;0;0;0;0;121.2165;98.92596;0.0002373622;28.3981;1.240948E-05
E:\Udacity\Robotics\Term01\Projects\RoboND-Rover-Project\IMG\robocam_2017_06_04_22_38_12_605.jpg;-4.02278;0;0;0;121.2165;98.92596;0.0002367505;27.91475;1.481905E-05
E:\Udacity\Robotics\Term01\Projects\RoboND-Rover-Project\IMG\robocam_2017_06_04_22_38_12_673.jpg;-7.916193;0;0;0;121.2165;98.92596;0.0002363369;26.255;2.153129E-05
E:\Udacity\Robotics\Term01\Projects\RoboND-Rover-Project\IMG\robocam_2017_06_04_22_38_12_737.jpg;-11.92434;0;0;0;121.2165;98.92596;0.00023629;24.22646;2.874738E-05
E:\Udacity\Robotics\Term01\Projects\RoboND-Rover-Project\IMG\robocam_2017_06_04_22_38_12_806.jpg;-15;0;0;0;121.2165;98.92596;0.000235337;21.66331;3.54025E-05
E:\Udacity\Robotics\Term01\Projects\RoboND-Rover-Project\IMG\robocam_2017_06_04_22_38_12_873.jpg;-14.01304;0;0;0;121.2165;98.92596;0.0002340267;18.24034;4.428416E-05
E:\Udacity\Robotics\Term01\Projects\RoboND-Rover-Project\IMG\robocam_2017_06_04_22_38_12_941.jpg;-13.00975;0;0;0;121.2165;98.92596;0.0002323772;15.86771;4.766808E-05
E:\Udacity\Robotics\Term01\Projects\RoboND-Rover-Project\IMG\robocam_2017_06_04_22_38_13_007.jpg;-12.01014;0;0;0;121.2165;98.92596;0.0002307676;13.64682;4.9757E-05
E:\Udacity\Robotics\Term01\Projects\RoboND-Rover-Project\IMG\robocam_2017_06_04_22_38_13_074.jpg;-11.98073;0;0;0;121.2165;98.92596;0.0002301482;10.82821;5.002046E-05
E:\Udacity\Robotics\Term01\Projects\RoboND-Rover-Project\IMG\robocam_2017_06_04_22_38_13_141.jpg;-14.98278;0;0;0;121.2165;98.92596;0.0002307539;8.221855;5.087355E-05
E:\Udacity\Robotics\Term01\Projects\RoboND-Rover-Project\IMG\robocam_2017_06_04_22_38_13_206.jpg;-13.49564;0;0;0;121.2165;98.92596;0.0002316383;5.612152;5.067488E-05
E:\Udacity\Robotics\Term01\Projects\RoboND-Rover-Project\IMG\robocam_2017_06_04_22_38_13_274.jpg;-10.47368;0.1029755;0;0;121.2168;98.92591;0.006389881;4.178139;-0.001731063
E:\Udacity\Robotics\Term01\Projects\RoboND-Rover-Project\IMG\robocam_2017_06_04_22_38_13_340.jpg;-7.516086;0.3001484;0;0.01232283;121.218;98.92594;0.03345314;4.274078;-0.002949518
E:\Udacity\Robotics\Term01\Projects\RoboND-Rover-Project\IMG\robocam_2017_06_04_22_38_13_407.jpg;-4.513553;0.5003173;0;0.02536188;121.2209;98.92602;0.09311201;4.271408;359.9942
E:\Udacity\Robotics\Term01\Projects\RoboND-Rover-Project\IMG\robocam_2017_06_04_22_38_13_474.jpg;-1.506588;0.7007816;0;0.04555215;121.2281;98.9264;0.2343381;4.293915;359.9917
E:\Udacity\Robotics\Term01\Projects\RoboND-Rover-Project\IMG\robocam_2017_06_04_22_38_13_540.jpg;0;0.9010131;0;0.08127955;121.2374;98.92709;0.412262;4.085167;359.9942
E:\Udacity\Robotics\Term01\Projects\RoboND-Rover-Project\IMG\robocam_2017_06_04_22_38_13_607.jpg;0;1;0;0.1615631;121.2506;98.92802;0.6320891;4.024551;-0.000385102
E:\Udacity\Robotics\Term01\Projects\RoboND-Rover-Project\IMG\robocam_2017_06_04_22_38_13_673.jpg;0;1;0;0.1970827;121.273;98.92957;0.9508011;4.063637;0.0005145762
E:\Udacity\Robotics\Term01\Projects\RoboND-Rover-Project\IMG\robocam_2017_06_04_22_38_13_741.jpg;0;1;0;0.2567368;121.2938;98.93099;1.209764;3.887115;0.001934976
E:\Udacity\Robotics\Term01\Projects\RoboND-Rover-Project\IMG\robocam_2017_06_04_22_38_13_807.jpg;0;1;0;0.3322752;121.3153;98.93261;1.33674;3.818596;-0.001984123
E:\Udacity\Robotics\Term01\Projects\RoboND-Rover-Project\IMG\robocam_2017_06_04_22_38_13_874.jpg;0;1;0;0.3629189;121.3425;98.93447;1.150836;3.845253;-0.000457288
E:\Udacity\Robotics\Term01\Projects\RoboND-Rover-Project\IMG\robocam_2017_06_04_22_38_13_941.jpg;0;1;0;0.4459535;121.3683;98.93611;1.087156;3.837692;-0.0003657477
E:\Udacity\Robotics\Term01\Projects\RoboND-Rover-Project\IMG\robocam_2017_06_04_22_38_14_007.jpg;0;1;0;0.5062655;121.3982;98.938;1.086905;3.862045;-0.001058923
E:\Udacity\Robotics\Term01\Projects\RoboND-Rover-Project\IMG\robocam_2017_06_04_22_38_14_074.jpg;0;1;0;0.5462638;121.4439;98.94096;1.167707;3.895607;-0.0004231327
E:\Udacity\Robotics\Term01\Projects\RoboND-Rover-Project\IMG\robocam_2017_06_04_22_38_14_139.jpg;1.533113;1;0;0.6115966;121.4813;98.94347;1.228318;3.851097;-0.0004103859
E:\Udacity\Robotics\Term01\Projects\RoboND-Rover-Project\IMG\robocam_2017_06_04_22_38_14_206.jpg;4.464158;1;0;0.6524323;121.5209;98.94691;1.242398;4.073753;-0.00258845
E:\Udacity\Robotics\Term01\Projects\RoboND-Rover-Project\IMG\robocam_2017_06_04_22_38_14_274.jpg;7.482513;1;0;0.7119242;121.5771;98.95336;1.206086;4.51664;-0.003197664
E:\Udacity\Robotics\Term01\Projects\RoboND-Rover-Project\IMG\robocam_2017_06_04_22_38_14_340.jpg;10.45271;1;0;0.7587669;121.6229;98.96004;1.192074;5.047455;-0.0007692564
E:\Udacity\Robotics\Term01\Projects\RoboND-Rover-Project\IMG\robocam_2017_06_04_22_38_14_406.jpg;13.46232;1;0;0.8263739;121.6712;98.96848;1.184271;5.739029;0.004870005
E:\Udacity\Robotics\Term01\Projects\RoboND-Rover-Project\IMG\robocam_2017_06_04_22_38_14_474.jpg;15;1;0;0.8773023;121.7407;98.98302;1.205429;7.002998;0.0170436
E:\Udacity\Robotics\Term01\Projects\RoboND-Rover-Project\IMG\robocam_2017_06_04_22_38_14_540.jpg;15;1;0;0.9210436;121.7953;98.99561;1.198427;8.050446;0.01597915
E:\Udacity\Robotics\Term01\Projects\RoboND-Rover-Project\IMG\robocam_2017_06_04_22_38_14_607.jpg;15;1;0;0.9871477;121.8524;99.00985;1.195668;9.098396;0.01120603
E:\Udacity\Robotics\Term01\Projects\RoboND-Rover-Project\IMG\robocam_2017_06_04_22_38_14_671.jpg;12.07059;1;0;1.025741;121.9328;99.03066;1.20695;10.4163;359.9928
E:\Udacity\Robotics\Term01\Projects\RoboND-Rover-Project\IMG\robocam_2017_06_04_22_38_14_741.jpg;9.023287;1;0;1.081338;121.9969;99.04737;1.234903;11.14979;-0.005717929
E:\Udacity\Robotics\Term01\Projects\RoboND-Rover-Project\IMG\robocam_2017_06_04_22_38_14_806.jpg;6.003546;1;0;1.143559;122.0636;99.06424;1.24476;11.70153;-0.004964372
E:\Udacity\Robotics\Term01\Projects\RoboND-Rover-Project\IMG\robocam_2017_06_04_22_38_14_874.jpg;3.000724;1;0;1.190342;122.1567;99.08652;1.233554;12.12734;-0.003071148
E:\Udacity\Robotics\Term01\Projects\RoboND-Rover-Project\IMG\robocam_2017_06_04_22_38_14_940.jpg;0.009335205;1;0;1.235847;122.2302;99.10286;1.228905;12.22868;-0.001780581
E:\Udacity\Robotics\Term01\Projects\RoboND-Rover-Project\IMG\robocam_2017_06_04_22_38_15_006.jpg;0;1;0;1.300438;122.3066;99.11929;1.232668;12.21387;-0.0008166633
E:\Udacity\Robotics\Term01\Projects\RoboND-Rover-Project\IMG\robocam_2017_06_04_22_38_15_074.jpg;0;1;0;1.347461;122.4128;99.14188;1.239515;12.1985;-0.0009410253
E:\Udacity\Robotics\Term01\Projects\RoboND-Rover-Project\IMG\robocam_2017_06_04_22_38_15_140.jpg;0;1;0;1.396423;122.4958;99.15947;1.243169;12.17875;-0.0009168484
E:\Udacity\Robotics\Term01\Projects\RoboND-Rover-Project\IMG\robocam_2017_06_04_22_38_15_207.jpg;0;1;0;1.457963;122.5815;99.17763;1.249354;12.16004;-0.0008930993
E:\Udacity\Robotics\Term01\Projects\RoboND-Rover-Project\IMG\robocam_2017_06_04_22_38_15_274.jpg;0;1;0;1.504785;122.7;99.20269;1.25221;12.14578;-0.0009511175
E:\Udacity\Robotics\Term01\Projects\RoboND-Rover-Project\IMG\robocam_2017_06_04_22_38_15_341.jpg;0;1;0;1.552431;122.7922;99.22215;1.257979;12.13268;-0.0009675587
E:\Udacity\Robotics\Term01\Projects\RoboND-Rover-Project\IMG\robocam_2017_06_04_22_38_15_407.jpg;-2.982438;1;0;1.613365;122.9194;99.24763;1.25698;11.88855;0.0001234
E:\Udacity\Robotics\Term01\Projects\RoboND-Rover-Project\IMG\robocam_2017_06_04_22_38_15_474.jpg;-3.000367;1;0;1.660428;123.0183;99.2661;1.262515;11.52267;0.0009533096
E:\Udacity\Robotics\Term01\Projects\RoboND-Rover-Project\IMG\robocam_2017_06_04_22_38_15_540.jpg;-0.03024347;0.8019918;0;1.704479;123.1196;99.28545;1.264424;11.35913;-0.0001539835
E:\Udacity\Robotics\Term01\Projects\RoboND-Rover-Project\IMG\robocam_2017_06_04_22_38_15_607.jpg;0;0.6026448;0;1.749736;123.2226;99.30562;1.264409;11.33058;-0.0004232012
E:\Udacity\Robotics\Term01\Projects\RoboND-Rover-Project\IMG\robocam_2017_06_04_22_38_15_674.jpg;0;0;0;1.771842;123.3613;99.3328;1.24607;11.31381;-0.0004062789
E:\Udacity\Robotics\Term01\Projects\RoboND-Rover-Project\IMG\robocam_2017_06_04_22_38_15_740.jpg;0;0;0.1985029;1.762913;123.4626;99.35262;1.144402;11.30324;-0.0001286253
E:\Udacity\Robotics\Term01\Projects\RoboND-Rover-Project\IMG\robocam_2017_06_04_22_38_15_807.jpg;0;0;0.3974601;1.692503;123.5581;99.37141;0.910119;11.29614;0.007018025
E:\Udacity\Robotics\Term01\Projects\RoboND-Rover-Project\IMG\robocam_2017_06_04_22_38_15_874.jpg;0;0;0.598015;1.596491;123.6711;99.39393;0.2937977;11.29719;0.03485022
E:\Udacity\Robotics\Term01\Projects\RoboND-Rover-Project\IMG\robocam_2017_06_04_22_38_15_940.jpg;0;0;0.7982031;1.468596;123.741;99.40787;359.5359;11.29686;0.05277809
E:\Udacity\Robotics\Term01\Projects\RoboND-Rover-Project\IMG\robocam_2017_06_04_22_38_16_006.jpg;0;0;0.9974422;1.244784;123.7987;99.4185;358.6352;11.25948;-0.005615741
E:\Udacity\Robotics\Term01\Projects\RoboND-Rover-Project\IMG\robocam_2017_06_04_22_38_16_073.jpg;0;0;1;1.102683;123.8648;99.43197;357.5739;11.33951;-0.003989525
E:\Udacity\Robotics\Term01\Projects\RoboND-Rover-Project\IMG\robocam_2017_06_04_22_38_16_141.jpg;0;0;1;0.9690007;123.9071;99.44114;356.9425;11.60336;0.01188758
E:\Udacity\Robotics\Term01\Projects\RoboND-Rover-Project\IMG\robocam_2017_06_04_22_38_16_207.jpg;0;0;1;0.7041015;123.9383;99.44813;356.3912;11.80046;-0.003125994
E:\Udacity\Robotics\Term01\Projects\RoboND-Rover-Project\IMG\robocam_2017_06_04_22_38_16_274.jpg;0;0;1;0.4705006;123.9611;99.45386;355.7068;11.98791;359.9921
E:\Udacity\Robotics\Term01\Projects\RoboND-Rover-Project\IMG\robocam_2017_06_04_22_38_16_338.jpg;0;0;1;0.3179241;123.9651;99.45501;355.2505;12.00217;0.0006641687
E:\Udacity\Robotics\Term01\Projects\RoboND-Rover-Project\IMG\robocam_2017_06_04_22_38_16_408.jpg;-2.02188;0;1;0.07665366;123.9654;99.45459;355.0457;12.00346;0.004952033
E:\Udacity\Robotics\Term01\Projects\RoboND-Rover-Project\IMG\robocam_2017_06_04_22_38_16_474.jpg;-6.170311;0;1;-0.02996987;123.9657;99.45388;355.2776;12.00192;359.9936
E:\Udacity\Robotics\Term01\Projects\RoboND-Rover-Project\IMG\robocam_2017_06_04_22_38_16_539.jpg;-10.05703;0;1;-0.1054514;123.9659;99.45352;355.7852;12.00252;0.005382445
E:\Udacity\Robotics\Term01\Projects\RoboND-Rover-Project\IMG\robocam_2017_06_04_22_38_16_606.jpg;-13.9811;0;1;-0.2240495;123.9663;99.45274;356.6316;12.00088;359.9935
E:\Udacity\Robotics\Term01\Projects\RoboND-Rover-Project\IMG\robocam_2017_06_04_22_38_16_672.jpg;-13.74279;0;1;-0.3254181;123.9663;99.45266;358.1884;11.99494;-0.0029944
E:\Udacity\Robotics\Term01\Projects\RoboND-Rover-Project\IMG\robocam_2017_06_04_22_38_16_741.jpg;-9.765956;0;0;-0.4092411;123.966;99.45265;359.5712;12.00484;359.9781
E:\Udacity\Robotics\Term01\Projects\RoboND-Rover-Project\IMG\robocam_2017_06_04_22_38_16_806.jpg;-5.639891;0;0;-0.3838702;123.9655;99.45265;0.821292;12.0213;359.9767
E:\Udacity\Robotics\Term01\Projects\RoboND-Rover-Project\IMG\robocam_2017_06_04_22_38_16_873.jpg;-1.657013;0;0;-0.2985238;123.9653;99.45141;2.090997;11.83493;359.9902
E:\Udacity\Robotics\Term01\Projects\RoboND-Rover-Project\IMG\robocam_2017_06_04_22_38_16_940.jpg;0;0;0;-0.2070124;123.9651;99.45157;2.682239;11.83552;0.009976602
E:\Udacity\Robotics\Term01\Projects\RoboND-Rover-Project\IMG\robocam_2017_06_04_22_38_17_006.jpg;0;0;0;-0.08217176;123.965;99.45135;2.974042;11.83823;-0.00396183
E:\Udacity\Robotics\Term01\Projects\RoboND-Rover-Project\IMG\robocam_2017_06_04_22_38_17_075.jpg;0;0;0;0;123.9648;99.45107;2.835856;11.83492;0.004531617
E:\Udacity\Robotics\Term01\Projects\RoboND-Rover-Project\IMG\robocam_2017_06_04_22_38_17_141.jpg;0;0;0;0.1054164;123.9648;99.45026;2.337002;11.83393;359.9922
E:\Udacity\Robotics\Term01\Projects\RoboND-Rover-Project\IMG\robocam_2017_06_04_22_38_17_204.jpg;4.063047;0;0;0.2301505;123.9648;99.45023;1.563782;12.3209;0.02413578
E:\Udacity\Robotics\Term01\Projects\RoboND-Rover-Project\IMG\robocam_2017_06_04_22_38_17_271.jpg;7.913267;0;0;0.2701589;123.9652;99.44974;0.3456748;13.99472;0.02048276
E:\Udacity\Robotics\Term01\Projects\RoboND-Rover-Project\IMG\robocam_2017_06_04_22_38_17_272.jpg;5.92996;0;0;0.2610318;123.9652;99.44974;0.3456748;13.99472;0.02048276
E:\Udacity\Robotics\Term01\Projects\RoboND-Rover-Project\IMG\robocam_2017_06_04_22_38_17_307.jpg;5.92996;0;0;0.2610318;123.9652;99.44974;0.3457953;14.35052;0.01833578
E:\Udacity\Robotics\Term01\Projects\RoboND-Rover-Project\IMG\robocam_2017_06_04_22_38_17_340.jpg;5.92996;0;0;0;123.9652;99.44974;0.3457953;14.35052;0.01833578
E:\Udacity\Robotics\Term01\Projects\RoboND-Rover-Project\IMG\robocam_2017_06_04_22_38_17_370.jpg;5.92996;0;0;0;123.9652;99.44974;0.3457953;14.35052;0.01833578
E:\Udacity\Robotics\Term01\Projects\RoboND-Rover-Project\IMG\robocam_2017_06_04_22_38_17_407.jpg;5.92996;0;0;0;123.9652;99.44974;0.3457953;14.35052;0.01833578
E:\Udacity\Robotics\Term01\Projects\RoboND-Rover-Project\IMG\robocam_2017_06_04_22_38_17_440.jpg;5.92996;0;0;0;123.9652;99.44974;0.3457953;14.35052;0.01833578
E:\Udacity\Robotics\Term01\Projects\RoboND-Rover-Project\IMG\robocam_2017_06_04_22_38_17_473.jpg;5.92996;0;0;0;123.9652;99.44974;0.3457953;14.35052;0.01833578
E:\Udacity\Robotics\Term01\Projects\RoboND-Rover-Project\IMG\robocam_2017_06_04_22_38_17_506.jpg;5.92996;0;0;0;123.9652;99.44974;0.3457953;14.35052;0.01833578
E:\Udacity\Robotics\Term01\Projects\RoboND-Rover-Project\IMG\robocam_2017_06_04_22_38_17_540.jpg;5.92996;0;0;0;123.9652;99.44974;0.3457953;14.35052;0.01833578
E:\Udacity\Robotics\Term01\Projects\RoboND-Rover-Project\IMG\robocam_2017_06_04_22_38_17_574.jpg;5.92996;0;0;0;123.9652;99.44974;0.3457953;14.35052;0.01833578
E:\Udacity\Robotics\Term01\Projects\RoboND-Rover-Project\IMG\robocam_2017_06_04_22_38_17_608.jpg;5.92996;0;0;0;123.9652;99.44974;0.3457953;14.35052;0.01833578
E:\Udacity\Robotics\Term01\Projects\RoboND-Rover-Project\IMG\robocam_2017_06_04_22_38_17_641.jpg;5.92996;0;0;0;123.9652;99.44974;0.3457953;14.35052;0.01833578
E:\Udacity\Robotics\Term01\Projects\RoboND-Rover-Project\IMG\robocam_2017_06_04_22_38_17_674.jpg;5.92996;0;0;0;123.9652;99.44974;0.3457953;14.35052;0.01833578
E:\Udacity\Robotics\Term01\Projects\RoboND-Rover-Project\IMG\robocam_2017_06_04_22_38_17_708.jpg;5.92996;0;0;0;123.9652;99.44974;0.3457953;14.35052;0.01833578
E:\Udacity\Robotics\Term01\Projects\RoboND-Rover-Project\IMG\robocam_2017_06_04_22_38_17_740.jpg;5.92996;0;0;0;123.9652;99.44974;0.3457953;14.35052;0.01833578
E:\Udacity\Robotics\Term01\Projects\RoboND-Rover-Project\IMG\robocam_2017_06_04_22_38_17_774.jpg;5.92996;0;0;0;123.9652;99.44974;0.3457953;14.35052;0.01833578
E:\Udacity\Robotics\Term01\Projects\RoboND-Rover-Project\IMG\robocam_2017_06_04_22_38_17_806.jpg;5.92996;0;0;0;123.9652;99.44974;0.3457953;14.35052;0.01833578
E:\Udacity\Robotics\Term01\Projects\RoboND-Rover-Project\IMG\robocam_2017_06_04_22_38_17_840.jpg;5.92996;0;0;0;123.9652;99.44974;0.3457953;14.35052;0.01833578
E:\Udacity\Robotics\Term01\Projects\RoboND-Rover-Project\IMG\robocam_2017_06_04_22_38_17_873.jpg;5.92996;0;0;0;123.9652;99.44974;0.3457953;14.35052;0.01833578
E:\Udacity\Robotics\Term01\Projects\RoboND-Rover-Project\IMG\robocam_2017_06_04_22_38_17_906.jpg;5.92996;0;0;0;123.9652;99.44974;0.3457953;14.35052;0.01833578
E:\Udacity\Robotics\Term01\Projects\RoboND-Rover-Project\IMG\robocam_2017_06_04_22_38_17_940.jpg;5.92996;0;0;0;123.9652;99.44974;0.3457953;14.35052;0.01833578
E:\Udacity\Robotics\Term01\Projects\RoboND-Rover-Project\IMG\robocam_2017_06_04_22_38_17_973.jpg;5.92996;0;0;0;123.9652;99.44974;0.3457953;14.35052;0.01833578
E:\Udacity\Robotics\Term01\Projects\RoboND-Rover-Project\IMG\robocam_2017_06_04_22_38_18_006.jpg;5.92996;0;0;0;123.9652;99.44974;0.3457953;14.35052;0.01833578
E:\Udacity\Robotics\Term01\Projects\RoboND-Rover-Project\IMG\robocam_2017_06_04_22_38_18_040.jpg;5.92996;0;0;0;123.9652;99.44974;0.3457953;14.35052;0.01833578
E:\Udacity\Robotics\Term01\Projects\RoboND-Rover-Project\IMG\robocam_2017_06_04_22_38_18_074.jpg;5.92996;0;0;0;123.9652;99.44974;0.3457953;14.35052;0.01833578
E:\Udacity\Robotics\Term01\Projects\RoboND-Rover-Project\IMG\robocam_2017_06_04_22_38_18_107.jpg;5.92996;0;0;0;123.9652;99.44974;0.3457953;14.35052;0.01833578
E:\Udacity\Robotics\Term01\Projects\RoboND-Rover-Project\IMG\robocam_2017_06_04_22_38_18_138.jpg;5.92996;0;0;0;123.9652;99.44974;0.3457953;14.35052;0.01833578
E:\Udacity\Robotics\Term01\Projects\RoboND-Rover-Project\IMG\robocam_2017_06_04_22_38_18_171.jpg;5.92996;0;0;0;123.9652;99.44974;0.3457953;14.35052;0.01833578
E:\Udacity\Robotics\Term01\Projects\RoboND-Rover-Project\IMG\robocam_2017_06_04_22_38_18_207.jpg;5.92996;0;0;0;123.9652;99.44974;0.3457953;14.35052;0.01833578
E:\Udacity\Robotics\Term01\Projects\RoboND-Rover-Project\IMG\robocam_2017_06_04_22_38_18_241.jpg;5.92996;0;0;0;123.9652;99.44974;0.3457953;14.35052;0.01833578
E:\Udacity\Robotics\Term01\Projects\RoboND-Rover-Project\IMG\robocam_2017_06_04_22_38_18_273.jpg;5.92996;0;0;0;123.9652;99.44974;0.3457953;14.35052;0.01833578
E:\Udacity\Robotics\Term01\Projects\RoboND-Rover-Project\IMG\robocam_2017_06_04_22_38_18_308.jpg;5.92996;0;0;0;123.9652;99.44974;0.3457953;14.35052;0.01833578
E:\Udacity\Robotics\Term01\Projects\RoboND-Rover-Project\IMG\robocam_2017_06_04_22_38_18_340.jpg;5.92996;0;0;0;123.9652;99.44974;0.3457953;14.35052;0.01833578
E:\Udacity\Robotics\Term01\Projects\RoboND-Rover-Project\IMG\robocam_2017_06_04_22_38_18_373.jpg;5.92996;0;0;0;123.9652;99.44974;0.3457953;14.35052;0.01833578
E:\Udacity\Robotics\Term01\Projects\RoboND-Rover-Project\IMG\robocam_2017_06_04_22_38_18_406.jpg;5.92996;0;0;0;123.9652;99.44974;0.3457953;14.35052;0.01833578
E:\Udacity\Robotics\Term01\Projects\RoboND-Rover-Project\IMG\robocam_2017_06_04_22_38_18_440.jpg;5.92996;0;0;0;123.9652;99.44974;0.3457953;14.35052;0.01833578
E:\Udacity\Robotics\Term01\Projects\RoboND-Rover-Project\IMG\robocam_2017_06_04_22_38_18_473.jpg;5.92996;0;0;0;123.9652;99.44974;0.3457953;14.35052;0.01833578
E:\Udacity\Robotics\Term01\Projects\RoboND-Rover-Project\IMG\robocam_2017_06_04_22_38_18_506.jpg;5.92996;0;0;0;123.9652;99.44974;0.3457953;14.35052;0.01833578
E:\Udacity\Robotics\Term01\Projects\RoboND-Rover-Project\IMG\robocam_2017_06_04_22_38_18_541.jpg;5.92996;0;0;0;123.9652;99.44974;0.3457953;14.35052;0.01833578
E:\Udacity\Robotics\Term01\Projects\RoboND-Rover-Project\IMG\robocam_2017_06_04_22_38_18_574.jpg;5.92996;0;0;0;123.9652;99.44974;0.3457953;14.35052;0.01833578
E:\Udacity\Robotics\Term01\Projects\RoboND-Rover-Project\IMG\robocam_2017_06_04_22_38_18_607.jpg;5.92996;0;0;0;123.9652;99.44974;0.3457953;14.35052;0.01833578
E:\Udacity\Robotics\Term01\Projects\RoboND-Rover-Project\IMG\robocam_2017_06_04_22_38_18_639.jpg;5.92996;0;0;0;123.9652;99.44974;0.3457953;14.35052;0.01833578
E:\Udacity\Robotics\Term01\Projects\RoboND-Rover-Project\IMG\robocam_2017_06_04_22_38_18_670.jpg;5.92996;0;0;0;123.9652;99.44974;0.3457953;14.35052;0.01833578
E:\Udacity\Robotics\Term01\Projects\RoboND-Rover-Project\IMG\robocam_2017_06_04_22_38_18_706.jpg;5.92996;0;0;0;123.9652;99.44974;0.3457953;14.35052;0.01833578
E:\Udacity\Robotics\Term01\Projects\RoboND-Rover-Project\IMG\robocam_2017_06_04_22_38_18_740.jpg;5.92996;0;0;0;123.9652;99.44974;0.3457953;14.35052;0.01833578
E:\Udacity\Robotics\Term01\Projects\RoboND-Rover-Project\IMG\robocam_2017_06_04_22_38_18_774.jpg;5.92996;0;0;0;123.9652;99.44974;0.3457953;14.35052;0.01833578
E:\Udacity\Robotics\Term01\Projects\RoboND-Rover-Project\IMG\robocam_2017_06_04_22_38_18_807.jpg;5.92996;0;0;0;123.9652;99.44974;0.3457953;14.35052;0.01833578
E:\Udacity\Robotics\Term01\Projects\RoboND-Rover-Project\IMG\robocam_2017_06_04_22_38_18_838.jpg;5.92996;0;0;0;123.9652;99.44974;0.3457953;14.35052;0.01833578
E:\Udacity\Robotics\Term01\Projects\RoboND-Rover-Project\IMG\robocam_2017_06_04_22_38_18_871.jpg;5.92996;0;0;0;123.9652;99.44974;0.3457953;14.35052;0.01833578
E:\Udacity\Robotics\Term01\Projects\RoboND-Rover-Project\IMG\robocam_2017_06_04_22_38_18_906.jpg;5.92996;0;0;0;123.9652;99.44974;0.3457953;14.35052;0.01833578
E:\Udacity\Robotics\Term01\Projects\RoboND-Rover-Project\IMG\robocam_2017_06_04_22_38_18_940.jpg;5.92996;0;0;0;123.9652;99.44974;0.3457953;14.35052;0.01833578
E:\Udacity\Robotics\Term01\Projects\RoboND-Rover-Project\IMG\robocam_2017_06_04_22_38_18_974.jpg;5.92996;0;0;0;123.9652;99.44974;0.3457953;14.35052;0.01833578
E:\Udacity\Robotics\Term01\Projects\RoboND-Rover-Project\IMG\robocam_2017_06_04_22_38_19_007.jpg;5.92996;0;0;0;123.9652;99.44974;0.3457953;14.35052;0.01833578
E:\Udacity\Robotics\Term01\Projects\RoboND-Rover-Project\IMG\robocam_2017_06_04_22_38_19_041.jpg;5.92996;0;0;0;123.9652;99.44974;0.3457953;14.35052;0.01833578
E:\Udacity\Robotics\Term01\Projects\RoboND-Rover-Project\IMG\robocam_2017_06_04_22_38_19_074.jpg;5.92996;0;0;0;123.9652;99.44974;0.3457953;14.35052;0.01833578
E:\Udacity\Robotics\Term01\Projects\RoboND-Rover-Project\IMG\robocam_2017_06_04_22_38_19_106.jpg;5.92996;0;0;0;123.9652;99.44974;0.3457953;14.35052;0.01833578
E:\Udacity\Robotics\Term01\Projects\RoboND-Rover-Project\IMG\robocam_2017_06_04_22_38_19_140.jpg;5.92996;0;0;0;123.9652;99.44974;0.3457953;14.35052;0.01833578
E:\Udacity\Robotics\Term01\Projects\RoboND-Rover-Project\IMG\robocam_2017_06_04_22_38_19_174.jpg;5.92996;0;0;0;123.9652;99.44974;0.3457953;14.35052;0.01833578
E:\Udacity\Robotics\Term01\Projects\RoboND-Rover-Project\IMG\robocam_2017_06_04_22_38_19_206.jpg;5.92996;0;0;0;123.9652;99.44974;0.3457953;14.35052;0.01833578
E:\Udacity\Robotics\Term01\Projects\RoboND-Rover-Project\IMG\robocam_2017_06_04_22_38_19_240.jpg;5.92996;0;0;0;123.9652;99.44974;0.3457953;14.35052;0.01833578
E:\Udacity\Robotics\Term01\Projects\RoboND-Rover-Project\IMG\robocam_2017_06_04_22_38_19_273.jpg;5.92996;0;0;0;123.9652;99.44974;0.3457953;14.35052;0.01833578
E:\Udacity\Robotics\Term01\Projects\RoboND-Rover-Project\IMG\robocam_2017_06_04_22_38_19_306.jpg;5.92996;0;0;0;123.9652;99.44974;0.3457953;14.35052;0.01833578
E:\Udacity\Robotics\Term01\Projects\RoboND-Rover-Project\IMG\robocam_2017_06_04_22_38_19_340.jpg;5.92996;0;0;0;123.9652;99.44974;0.3457953;14.35052;0.01833578
E:\Udacity\Robotics\Term01\Projects\RoboND-Rover-Project\IMG\robocam_2017_06_04_22_38_19_374.jpg;5.92996;0;0;0;123.9652;99.44974;0.3457953;14.35052;0.01833578
E:\Udacity\Robotics\Term01\Projects\RoboND-Rover-Project\IMG\robocam_2017_06_04_22_38_19_406.jpg;5.92996;0;0;0;123.9652;99.44974;0.3457953;14.35052;0.01833578
E:\Udacity\Robotics\Term01\Projects\RoboND-Rover-Project\IMG\robocam_2017_06_04_22_38_19_440.jpg;5.92996;0;0;0;123.9652;99.44974;0.3457953;14.35052;0.01833578
E:\Udacity\Robotics\Term01\Projects\RoboND-Rover-Project\IMG\robocam_2017_06_04_22_38_19_474.jpg;5.92996;0;0;0;123.9652;99.44974;0.3457953;14.35052;0.01833578
E:\Udacity\Robotics\Term01\Projects\RoboND-Rover-Project\IMG\robocam_2017_06_04_22_38_19_504.jpg;5.92996;0;0;0;123.9652;99.44974;0.3457953;14.35052;0.01833578
E:\Udacity\Robotics\Term01\Projects\RoboND-Rover-Project\IMG\robocam_2017_06_04_22_38_19_537.jpg;5.92996;0;0;0;123.9652;99.44974;0.3457953;14.35052;0.01833578
E:\Udacity\Robotics\Term01\Projects\RoboND-Rover-Project\IMG\robocam_2017_06_04_22_38_19_573.jpg;5.92996;0;0;0;123.9652;99.44974;0.3457953;14.35052;0.01833578
E:\Udacity\Robotics\Term01\Projects\RoboND-Rover-Project\IMG\robocam_2017_06_04_22_38_19_606.jpg;5.92996;0;0;0;123.9652;99.44974;0.3457953;14.35052;0.01833578
E:\Udacity\Robotics\Term01\Projects\RoboND-Rover-Project\IMG\robocam_2017_06_04_22_38_19_641.jpg;5.92996;0;0;0;123.9652;99.44974;0.3457953;14.35052;0.01833578
E:\Udacity\Robotics\Term01\Projects\RoboND-Rover-Project\IMG\robocam_2017_06_04_22_38_19_674.jpg;5.92996;0;0;0;123.9652;99.44974;0.3457953;14.35052;0.01833578
E:\Udacity\Robotics\Term01\Projects\RoboND-Rover-Project\IMG\robocam_2017_06_04_22_38_19_707.jpg;5.92996;0;0;0;123.9652;99.44974;0.3457953;14.35052;0.01833578
E:\Udacity\Robotics\Term01\Projects\RoboND-Rover-Project\IMG\robocam_2017_06_04_22_38_19_740.jpg;5.92996;0;0;0;123.9652;99.44974;0.3457953;14.35052;0.01833578
E:\Udacity\Robotics\Term01\Projects\RoboND-Rover-Project\IMG\robocam_2017_06_04_22_38_19_774.jpg;5.92996;0;0;0;123.9652;99.44974;0.3457953;14.35052;0.01833578
E:\Udacity\Robotics\Term01\Projects\RoboND-Rover-Project\IMG\robocam_2017_06_04_22_38_19_806.jpg;5.92996;0;0;0;123.9652;99.44974;0.3457953;14.35052;0.01833578
E:\Udacity\Robotics\Term01\Projects\RoboND-Rover-Project\IMG\robocam_2017_06_04_22_38_19_840.jpg;5.92996;0;0;0;123.9652;99.44974;0.3457953;14.35052;0.01833578
E:\Udacity\Robotics\Term01\Projects\RoboND-Rover-Project\IMG\robocam_2017_06_04_22_38_19_873.jpg;5.92996;0;0;0;123.9652;99.44974;0.3457953;14.35052;0.01833578
E:\Udacity\Robotics\Term01\Projects\RoboND-Rover-Project\IMG\robocam_2017_06_04_22_38_19_907.jpg;5.92996;0;0;0;123.9652;99.44974;0.3457953;14.35052;0.01833578
E:\Udacity\Robotics\Term01\Projects\RoboND-Rover-Project\IMG\robocam_2017_06_04_22_38_19_941.jpg;5.92996;0;0;0;123.9652;99.44974;0.3457953;14.35052;0.01833578
E:\Udacity\Robotics\Term01\Projects\RoboND-Rover-Project\IMG\robocam_2017_06_04_22_38_19_974.jpg;5.92996;0;0;0;123.9652;99.44974;0.3457953;14.35052;0.01833578
E:\Udacity\Robotics\Term01\Projects\RoboND-Rover-Project\IMG\robocam_2017_06_04_22_38_20_006.jpg;5.92996;0;0;0;123.9652;99.44974;0.3457953;14.35052;0.01833578
E:\Udacity\Robotics\Term01\Projects\RoboND-Rover-Project\IMG\robocam_2017_06_04_22_38_20_041.jpg;5.92996;0;0;0;123.9652;99.44974;0.3457953;14.35052;0.01833578
E:\Udacity\Robotics\Term01\Projects\RoboND-Rover-Project\IMG\robocam_2017_06_04_22_38_20_074.jpg;5.92996;0;0;0;123.9652;99.44974;0.3457953;14.35052;0.01833578
E:\Udacity\Robotics\Term01\Projects\RoboND-Rover-Project\IMG\robocam_2017_06_04_22_38_20_107.jpg;5.92996;0;0;0;123.9652;99.44974;0.3457953;14.35052;0.01833578
E:\Udacity\Robotics\Term01\Projects\RoboND-Rover-Project\IMG\robocam_2017_06_04_22_38_20_140.jpg;5.92996;0;0;0;123.9652;99.44974;0.3457953;14.35052;0.01833578
E:\Udacity\Robotics\Term01\Projects\RoboND-Rover-Project\IMG\robocam_2017_06_04_22_38_20_173.jpg;5.92996;0;0;0;123.9652;99.44974;0.3457953;14.35052;0.01833578
E:\Udacity\Robotics\Term01\Projects\RoboND-Rover-Project\IMG\robocam_2017_06_04_22_38_20_206.jpg;5.92996;0;0;0;123.9652;99.44974;0.3457953;14.35052;0.01833578
E:\Udacity\Robotics\Term01\Projects\RoboND-Rover-Project\IMG\robocam_2017_06_04_22_38_20_240.jpg;5.92996;0;0;0;123.9652;99.44974;0.3457953;14.35052;0.01833578
E:\Udacity\Robotics\Term01\Projects\RoboND-Rover-Project\IMG\robocam_2017_06_04_22_38_20_274.jpg;5.92996;0;0;0;123.9652;99.44974;0.3457953;14.35052;0.01833578
E:\Udacity\Robotics\Term01\Projects\RoboND-Rover-Project\IMG\robocam_2017_06_04_22_38_20_306.jpg;5.92996;0;0;0;123.9652;99.44974;0.3457953;14.35052;0.01833578
E:\Udacity\Robotics\Term01\Projects\RoboND-Rover-Project\IMG\robocam_2017_06_04_22_38_20_340.jpg;5.92996;0;0;0;123.9652;99.44974;0.3457953;14.35052;0.01833578
E:\Udacity\Robotics\Term01\Projects\RoboND-Rover-Project\IMG\robocam_2017_06_04_22_38_20_374.jpg;5.92996;0;0;0;123.9652;99.44974;0.3457953;14.35052;0.01833578
E:\Udacity\Robotics\Term01\Projects\RoboND-Rover-Project\IMG\robocam_2017_06_04_22_38_20_406.jpg;5.92996;0;0;0;123.9652;99.44974;0.3457953;14.35052;0.01833578
E:\Udacity\Robotics\Term01\Projects\RoboND-Rover-Project\IMG\robocam_2017_06_04_22_38_20_440.jpg;5.92996;0;0;0;123.9652;99.44974;0.3457953;14.35052;0.01833578
E:\Udacity\Robotics\Term01\Projects\RoboND-Rover-Project\IMG\robocam_2017_06_04_22_38_20_474.jpg;5.92996;0;0;0;123.9652;99.44974;0.3457953;14.35052;0.01833578
E:\Udacity\Robotics\Term01\Projects\RoboND-Rover-Project\IMG\robocam_2017_06_04_22_38_20_508.jpg;5.92996;0;0;0;123.9652;99.44974;0.3457953;14.35052;0.01833578
E:\Udacity\Robotics\Term01\Projects\RoboND-Rover-Project\IMG\robocam_2017_06_04_22_38_20_540.jpg;5.92996;0;0;0;123.9652;99.44974;0.3457953;14.35052;0.01833578
E:\Udacity\Robotics\Term01\Projects\RoboND-Rover-Project\IMG\robocam_2017_06_04_22_38_20_574.jpg;5.92996;0;0;0;123.9652;99.44974;0.3457953;14.35052;0.01833578
E:\Udacity\Robotics\Term01\Projects\RoboND-Rover-Project\IMG\robocam_2017_06_04_22_38_20_607.jpg;5.92996;0;0;0;123.9652;99.44974;0.3457953;14.35052;0.01833578
E:\Udacity\Robotics\Term01\Projects\RoboND-Rover-Project\IMG\robocam_2017_06_04_22_38_20_638.jpg;5.92996;0;0;0;123.9652;99.44974;0.3457953;14.35052;0.01833578
E:\Udacity\Robotics\Term01\Projects\RoboND-Rover-Project\IMG\robocam_2017_06_04_22_38_20_671.jpg;5.92996;0;0;0;123.9652;99.44974;0.3457953;14.35052;0.01833578
E:\Udacity\Robotics\Term01\Projects\RoboND-Rover-Project\IMG\robocam_2017_06_04_22_38_20_706.jpg;5.92996;0;0;0;123.9652;99.44974;0.3457953;14.35052;0.01833578
E:\Udacity\Robotics\Term01\Projects\RoboND-Rover-Project\IMG\robocam_2017_06_04_22_38_20_741.jpg;5.92996;0;0;0;123.9652;99.44974;0.3457953;14.35052;0.01833578
E:\Udacity\Robotics\Term01\Projects\RoboND-Rover-Project\IMG\robocam_2017_06_04_22_38_20_773.jpg;5.92996;0;0;0;123.9652;99.44974;0.3457953;14.35052;0.01833578
E:\Udacity\Robotics\Term01\Projects\RoboND-Rover-Project\IMG\robocam_2017_06_04_22_38_20_807.jpg;5.92996;0;0;0;123.9652;99.44974;0.3457953;14.35052;0.01833578
E:\Udacity\Robotics\Term01\Projects\RoboND-Rover-Project\IMG\robocam_2017_06_04_22_38_20_840.jpg;5.92996;0;0;0;123.9652;99.44974;0.3457953;14.35052;0.01833578
E:\Udacity\Robotics\Term01\Projects\RoboND-Rover-Project\IMG\robocam_2017_06_04_22_38_20_874.jpg;5.92996;0;0;0;123.9652;99.44974;0.3457953;14.35052;0.01833578
E:\Udacity\Robotics\Term01\Projects\RoboND-Rover-Project\IMG\robocam_2017_06_04_22_38_20_907.jpg;5.92996;0;0;0;123.9652;99.44974;0.3457953;14.35052;0.01833578
E:\Udacity\Robotics\Term01\Projects\RoboND-Rover-Project\IMG\robocam_2017_06_04_22_38_20_941.jpg;5.92996;0;0;0;123.9652;99.44974;0.3457953;14.35052;0.01833578
E:\Udacity\Robotics\Term01\Projects\RoboND-Rover-Project\IMG\robocam_2017_06_04_22_38_20_974.jpg;5.92996;0;0;0;123.9652;99.44974;0.3457953;14.35052;0.01833578
E:\Udacity\Robotics\Term01\Projects\RoboND-Rover-Project\IMG\robocam_2017_06_04_22_38_21_005.jpg;5.92996;0;0;0;123.9652;99.44974;0.3457953;14.35052;0.01833578
E:\Udacity\Robotics\Term01\Projects\RoboND-Rover-Project\IMG\robocam_2017_06_04_22_38_21_038.jpg;5.92996;0;0;0;123.9652;99.44974;0.3457953;14.35052;0.01833578
E:\Udacity\Robotics\Term01\Projects\RoboND-Rover-Project\IMG\robocam_2017_06_04_22_38_21_071.jpg;5.92996;0;0;0;123.9652;99.44974;0.3457953;14.35052;0.01833578
E:\Udacity\Robotics\Term01\Projects\RoboND-Rover-Project\IMG\robocam_2017_06_04_22_38_21_106.jpg;5.92996;0;0;0;123.9652;99.44974;0.3457953;14.35052;0.01833578
E:\Udacity\Robotics\Term01\Projects\RoboND-Rover-Project\IMG\robocam_2017_06_04_22_38_21_139.jpg;5.92996;0;0;0;123.9652;99.44974;0.3457953;14.35052;0.01833578
E:\Udacity\Robotics\Term01\Projects\RoboND-Rover-Project\IMG\robocam_2017_06_04_22_38_21_173.jpg;5.92996;0;0;0;123.9652;99.44974;0.3457953;14.35052;0.01833578
E:\Udacity\Robotics\Term01\Projects\RoboND-Rover-Project\IMG\robocam_2017_06_04_22_38_21_207.jpg;5.92996;0;0;0;123.9652;99.44974;0.3457953;14.35052;0.01833578
E:\Udacity\Robotics\Term01\Projects\RoboND-Rover-Project\IMG\robocam_2017_06_04_22_38_21_240.jpg;5.92996;0;0;0;123.9652;99.44974;0.3457953;14.35052;0.01833578
E:\Udacity\Robotics\Term01\Projects\RoboND-Rover-Project\IMG\robocam_2017_06_04_22_38_21_273.jpg;5.92996;0;0;0;123.9652;99.44974;0.3457953;14.35052;0.01833578
E:\Udacity\Robotics\Term01\Projects\RoboND-Rover-Project\IMG\robocam_2017_06_04_22_38_21_307.jpg;5.92996;0;0;0;123.9652;99.44974;0.3457953;14.35052;0.01833578
E:\Udacity\Robotics\Term01\Projects\RoboND-Rover-Project\IMG\robocam_2017_06_04_22_38_21_340.jpg;5.92996;0;0;0;123.9652;99.44974;0.3457953;14.35052;0.01833578
E:\Udacity\Robotics\Term01\Projects\RoboND-Rover-Project\IMG\robocam_2017_06_04_22_38_21_373.jpg;5.92996;0;0;0;123.9652;99.44974;0.3457953;14.35052;0.01833578
E:\Udacity\Robotics\Term01\Projects\RoboND-Rover-Project\IMG\robocam_2017_06_04_22_38_21_406.jpg;5.92996;0;0;0;123.9652;99.44974;0.3457953;14.35052;0.01833578
E:\Udacity\Robotics\Term01\Projects\RoboND-Rover-Project\IMG\robocam_2017_06_04_22_38_21_440.jpg;5.92996;0;0;0;123.9652;99.44974;0.3457953;14.35052;0.01833578
E:\Udacity\Robotics\Term01\Projects\RoboND-Rover-Project\IMG\robocam_2017_06_04_22_38_21_473.jpg;5.92996;0;0;0;123.9652;99.44974;0.3457953;14.35052;0.01833578
E:\Udacity\Robotics\Term01\Projects\RoboND-Rover-Project\IMG\robocam_2017_06_04_22_38_21_506.jpg;5.92996;0;0;0;123.9652;99.44974;0.3457953;14.35052;0.01833578
E:\Udacity\Robotics\Term01\Projects\RoboND-Rover-Project\IMG\robocam_2017_06_04_22_38_21_541.jpg;5.92996;0;0;0;123.9652;99.44974;0.3457953;14.35052;0.01833578
E:\Udacity\Robotics\Term01\Projects\RoboND-Rover-Project\IMG\robocam_2017_06_04_22_38_21_573.jpg;5.92996;0;0;0;123.9652;99.44974;0.3457953;14.35052;0.01833578
E:\Udacity\Robotics\Term01\Projects\RoboND-Rover-Project\IMG\robocam_2017_06_04_22_38_21_607.jpg;5.92996;0;0;0;123.9652;99.44974;0.3457953;14.35052;0.01833578
E:\Udacity\Robotics\Term01\Projects\RoboND-Rover-Project\IMG\robocam_2017_06_04_22_38_21_640.jpg;5.92996;0;0;0;123.9652;99.44974;0.3457953;14.35052;0.01833578
E:\Udacity\Robotics\Term01\Projects\RoboND-Rover-Project\IMG\robocam_2017_06_04_22_38_21_673.jpg;5.92996;0;0;0;123.9652;99.44974;0.3457953;14.35052;0.01833578
E:\Udacity\Robotics\Term01\Projects\RoboND-Rover-Project\IMG\robocam_2017_06_04_22_38_21_706.jpg;5.92996;0;0;0;123.9652;99.44974;0.3457953;14.35052;0.01833578
E:\Udacity\Robotics\Term01\Projects\RoboND-Rover-Project\IMG\robocam_2017_06_04_22_38_21_740.jpg;5.92996;0;0;0;123.9652;99.44974;0.3457953;14.35052;0.01833578
E:\Udacity\Robotics\Term01\Projects\RoboND-Rover-Project\IMG\robocam_2017_06_04_22_38_21_775.jpg;5.92996;0;0;0;123.9652;99.44974;0.3457953;14.35052;0.01833578
E:\Udacity\Robotics\Term01\Projects\RoboND-Rover-Project\IMG\robocam_2017_06_04_22_38_21_807.jpg;5.92996;0;0;0;123.9652;99.44974;0.3457953;14.35052;0.01833578
E:\Udacity\Robotics\Term01\Projects\RoboND-Rover-Project\IMG\robocam_2017_06_04_22_38_21_840.jpg;5.92996;0;0;0;123.9652;99.44974;0.3457953;14.35052;0.01833578
E:\Udacity\Robotics\Term01\Projects\RoboND-Rover-Project\IMG\robocam_2017_06_04_22_38_21_873.jpg;5.92996;0;0;0;123.9652;99.44974;0.3457953;14.35052;0.01833578
E:\Udacity\Robotics\Term01\Projects\RoboND-Rover-Project\IMG\robocam_2017_06_04_22_38_21_908.jpg;5.92996;0;0;0;123.9652;99.44974;0.3457953;14.35052;0.01833578
E:\Udacity\Robotics\Term01\Projects\RoboND-Rover-Project\IMG\robocam_2017_06_04_22_38_21_940.jpg;5.92996;0;0;0;123.9652;99.44974;0.3457953;14.35052;0.01833578
E:\Udacity\Robotics\Term01\Projects\RoboND-Rover-Project\IMG\robocam_2017_06_04_22_38_21_974.jpg;5.92996;0;0;0;123.9652;99.44974;0.3457953;14.35052;0.01833578
E:\Udacity\Robotics\Term01\Projects\RoboND-Rover-Project\IMG\robocam_2017_06_04_22_38_22_007.jpg;5.92996;0;0;0;123.9652;99.44974;0.3457953;14.35052;0.01833578
E:\Udacity\Robotics\Term01\Projects\RoboND-Rover-Project\IMG\robocam_2017_06_04_22_38_22_041.jpg;5.92996;0;0;0;123.9652;99.44974;0.3457953;14.35052;0.01833578
E:\Udacity\Robotics\Term01\Projects\RoboND-Rover-Project\IMG\robocam_2017_06_04_22_38_22_074.jpg;5.92996;0;0;0;123.9652;99.44974;0.3457953;14.35052;0.01833578
E:\Udacity\Robotics\Term01\Projects\RoboND-Rover-Project\IMG\robocam_2017_06_04_22_38_22_107.jpg;5.92996;0;0;0;123.9652;99.44974;0.3457953;14.35052;0.01833578
E:\Udacity\Robotics\Term01\Projects\RoboND-Rover-Project\IMG\robocam_2017_06_04_22_38_22_141.jpg;5.92996;0;0;0;123.9652;99.44974;0.3457953;14.35052;0.01833578
E:\Udacity\Robotics\Term01\Projects\RoboND-Rover-Project\IMG\robocam_2017_06_04_22_38_22_173.jpg;5.92996;0;0;0;123.9652;99.44974;0.3457953;14.35052;0.01833578
E:\Udacity\Robotics\Term01\Projects\RoboND-Rover-Project\IMG\robocam_2017_06_04_22_38_22_205.jpg;5.92996;0;0;0;123.9652;99.44974;0.3457953;14.35052;0.01833578
E:\Udacity\Robotics\Term01\Projects\RoboND-Rover-Project\IMG\robocam_2017_06_04_22_38_22_237.jpg;5.92996;0;0;0;123.9652;99.44974;0.3457953;14.35052;0.01833578
E:\Udacity\Robotics\Term01\Projects\RoboND-Rover-Project\IMG\robocam_2017_06_04_22_38_22_270.jpg;5.92996;0;0;0;123.9652;99.44974;0.3457953;14.35052;0.01833578
E:\Udacity\Robotics\Term01\Projects\RoboND-Rover-Project\IMG\robocam_2017_06_04_22_38_22_304.jpg;5.92996;0;0;0;123.9652;99.44974;0.3457953;14.35052;0.01833578
E:\Udacity\Robotics\Term01\Projects\RoboND-Rover-Project\IMG\robocam_2017_06_04_22_38_22_337.jpg;5.92996;0;0;0;123.9652;99.44974;0.3457953;14.35052;0.01833578
E:\Udacity\Robotics\Term01\Projects\RoboND-Rover-Project\IMG\robocam_2017_06_04_22_38_22_373.jpg;5.92996;0;0;0;123.9652;99.44974;0.3457953;14.35052;0.01833578
E:\Udacity\Robotics\Term01\Projects\RoboND-Rover-Project\IMG\robocam_2017_06_04_22_38_22_406.jpg;5.92996;0;0;0;123.9652;99.44974;0.3457953;14.35052;0.01833578
E:\Udacity\Robotics\Term01\Projects\RoboND-Rover-Project\IMG\robocam_2017_06_04_22_38_22_440.jpg;5.92996;0;0;0;123.9652;99.44974;0.3457953;14.35052;0.01833578
E:\Udacity\Robotics\Term01\Projects\RoboND-Rover-Project\IMG\robocam_2017_06_04_22_38_22_473.jpg;5.92996;0;0;0;123.9652;99.44974;0.3457953;14.35052;0.01833578
E:\Udacity\Robotics\Term01\Projects\RoboND-Rover-Project\IMG\robocam_2017_06_04_22_38_22_506.jpg;5.92996;0;0;0;123.9652;99.44974;0.3457953;14.35052;0.01833578
E:\Udacity\Robotics\Term01\Projects\RoboND-Rover-Project\IMG\robocam_2017_06_04_22_38_22_539.jpg;5.92996;0;0;0;123.9652;99.44974;0.3457953;14.35052;0.01833578
E:\Udacity\Robotics\Term01\Projects\RoboND-Rover-Project\IMG\robocam_2017_06_04_22_38_22_573.jpg;5.92996;0;0;0;123.9652;99.44974;0.3457953;14.35052;0.01833578
E:\Udacity\Robotics\Term01\Projects\RoboND-Rover-Project\IMG\robocam_2017_06_04_22_38_22_606.jpg;5.92996;0;0;0;123.9652;99.44974;0.3457953;14.35052;0.01833578
E:\Udacity\Robotics\Term01\Projects\RoboND-Rover-Project\IMG\robocam_2017_06_04_22_38_22_638.jpg;5.92996;0;0;0;123.9652;99.44974;0.3457953;14.35052;0.01833578
E:\Udacity\Robotics\Term01\Projects\RoboND-Rover-Project\IMG\robocam_2017_06_04_22_38_22_671.jpg;5.92996;0;0;0;123.9652;99.44974;0.3457953;14.35052;0.01833578
E:\Udacity\Robotics\Term01\Projects\RoboND-Rover-Project\IMG\robocam_2017_06_04_22_38_22_706.jpg;5.92996;0;0;0;123.9652;99.44974;0.3457953;14.35052;0.01833578
E:\Udacity\Robotics\Term01\Projects\RoboND-Rover-Project\IMG\robocam_2017_06_04_22_38_22_740.jpg;5.92996;0;0;0;123.9652;99.44974;0.3457953;14.35052;0.01833578
E:\Udacity\Robotics\Term01\Projects\RoboND-Rover-Project\IMG\robocam_2017_06_04_22_38_22_773.jpg;5.92996;0;0;0;123.9652;99.44974;0.3457953;14.35052;0.01833578
E:\Udacity\Robotics\Term01\Projects\RoboND-Rover-Project\IMG\robocam_2017_06_04_22_38_22_806.jpg;5.92996;0;0;0;123.9652;99.44974;0.3457953;14.35052;0.01833578
E:\Udacity\Robotics\Term01\Projects\RoboND-Rover-Project\IMG\robocam_2017_06_04_22_38_22_840.jpg;5.92996;0;0;0;123.9652;99.44974;0.3457953;14.35052;0.01833578
E:\Udacity\Robotics\Term01\Projects\RoboND-Rover-Project\IMG\robocam_2017_06_04_22_38_22_874.jpg;5.92996;0;0;0;123.9652;99.44974;0.3457953;14.35052;0.01833578
E:\Udacity\Robotics\Term01\Projects\RoboND-Rover-Project\IMG\robocam_2017_06_04_22_38_22_907.jpg;5.92996;0;0;0;123.9652;99.44974;0.3457953;14.35052;0.01833578
E:\Udacity\Robotics\Term01\Projects\RoboND-Rover-Project\IMG\robocam_2017_06_04_22_38_22_940.jpg;5.92996;0;0;0;123.9652;99.44974;0.3457953;14.35052;0.01833578
E:\Udacity\Robotics\Term01\Projects\RoboND-Rover-Project\IMG\robocam_2017_06_04_22_38_22_974.jpg;5.92996;0;0;0;123.9652;99.44974;0.3457953;14.35052;0.01833578
E:\Udacity\Robotics\Term01\Projects\RoboND-Rover-Project\IMG\robocam_2017_06_04_22_38_23_007.jpg;5.92996;0;0;0;123.9652;99.44974;0.3457953;14.35052;0.01833578
E:\Udacity\Robotics\Term01\Projects\RoboND-Rover-Project\IMG\robocam_2017_06_04_22_38_23_040.jpg;5.92996;0;0;0;123.9652;99.44974;0.3457953;14.35052;0.01833578
E:\Udacity\Robotics\Term01\Projects\RoboND-Rover-Project\IMG\robocam_2017_06_04_22_38_23_074.jpg;5.92996;0;0;0;123.9652;99.44974;0.3457953;14.35052;0.01833578
E:\Udacity\Robotics\Term01\Projects\RoboND-Rover-Project\IMG\robocam_2017_06_04_22_38_23_106.jpg;5.92996;0;0;0;123.9652;99.44974;0.3457953;14.35052;0.01833578
E:\Udacity\Robotics\Term01\Projects\RoboND-Rover-Project\IMG\robocam_2017_06_04_22_38_23_140.jpg;5.92996;0;0;0;123.9652;99.44974;0.3457953;14.35052;0.01833578
E:\Udacity\Robotics\Term01\Projects\RoboND-Rover-Project\IMG\robocam_2017_06_04_22_38_23_174.jpg;5.92996;0;0;0;123.9652;99.44974;0.3457953;14.35052;0.01833578
E:\Udacity\Robotics\Term01\Projects\RoboND-Rover-Project\IMG\robocam_2017_06_04_22_38_23_207.jpg;5.92996;0;0;0;123.9652;99.44974;0.3457953;14.35052;0.01833578
E:\Udacity\Robotics\Term01\Projects\RoboND-Rover-Project\IMG\robocam_2017_06_04_22_38_23_240.jpg;5.92996;0;0;0;123.9652;99.44974;0.3457953;14.35052;0.01833578
E:\Udacity\Robotics\Term01\Projects\RoboND-Rover-Project\IMG\robocam_2017_06_04_22_38_23_274.jpg;5.92996;0;0;0;123.9652;99.44974;0.3457953;14.35052;0.01833578
E:\Udacity\Robotics\Term01\Projects\RoboND-Rover-Project\IMG\robocam_2017_06_04_22_38_23_307.jpg;5.92996;0;0;0;123.9652;99.44974;0.3457953;14.35052;0.01833578
E:\Udacity\Robotics\Term01\Projects\RoboND-Rover-Project\IMG\robocam_2017_06_04_22_38_23_340.jpg;5.92996;0;0;0;123.9652;99.44974;0.3457953;14.35052;0.01833578
E:\Udacity\Robotics\Term01\Projects\RoboND-Rover-Project\IMG\robocam_2017_06_04_22_38_23_374.jpg;5.92996;0;0;0;123.9652;99.44974;0.3457953;14.35052;0.01833578
E:\Udacity\Robotics\Term01\Projects\RoboND-Rover-Project\IMG\robocam_2017_06_04_22_38_23_407.jpg;5.92996;0;0;0;123.9652;99.44974;0.3457953;14.35052;0.01833578
E:\Udacity\Robotics\Term01\Projects\RoboND-Rover-Project\IMG\robocam_2017_06_04_22_38_23_440.jpg;5.92996;0;0;0;123.9652;99.44974;0.3457953;14.35052;0.01833578
E:\Udacity\Robotics\Term01\Projects\RoboND-Rover-Project\IMG\robocam_2017_06_04_22_38_23_473.jpg;5.92996;0;0;0;123.9652;99.44974;0.3457953;14.35052;0.01833578
E:\Udacity\Robotics\Term01\Projects\RoboND-Rover-Project\IMG\robocam_2017_06_04_22_38_23_507.jpg;5.92996;0;0;0;123.9652;99.44974;0.3457953;14.35052;0.01833578
E:\Udacity\Robotics\Term01\Projects\RoboND-Rover-Project\IMG\robocam_2017_06_04_22_38_23_541.jpg;5.92996;0;0;0;123.9652;99.44974;0.3457953;14.35052;0.01833578
E:\Udacity\Robotics\Term01\Projects\RoboND-Rover-Project\IMG\robocam_2017_06_04_22_38_23_574.jpg;5.92996;0;0;0;123.9652;99.44974;0.3457953;14.35052;0.01833578
E:\Udacity\Robotics\Term01\Projects\RoboND-Rover-Project\IMG\robocam_2017_06_04_22_38_23_607.jpg;5.92996;0;0;0;123.9652;99.44974;0.3457953;14.35052;0.01833578
E:\Udacity\Robotics\Term01\Projects\RoboND-Rover-Project\IMG\robocam_2017_06_04_22_38_23_641.jpg;5.92996;0;0;0;123.9652;99.44974;0.3457953;14.35052;0.01833578
E:\Udacity\Robotics\Term01\Projects\RoboND-Rover-Project\IMG\robocam_2017_06_04_22_38_23_674.jpg;5.92996;0;0;0;123.9652;99.44974;0.3457953;14.35052;0.01833578
E:\Udacity\Robotics\Term01\Projects\RoboND-Rover-Project\IMG\robocam_2017_06_04_22_38_23_707.jpg;5.92996;0;0;0;123.9652;99.44974;0.3457953;14.35052;0.01833578
E:\Udacity\Robotics\Term01\Projects\RoboND-Rover-Project\IMG\robocam_2017_06_04_22_38_23_740.jpg;5.92996;0;0;0;123.9652;99.44974;0.3457953;14.35052;0.01833578
E:\Udacity\Robotics\Term01\Projects\RoboND-Rover-Project\IMG\robocam_2017_06_04_22_38_23_774.jpg;5.92996;0;0;0;123.9652;99.44974;0.3457953;14.35052;0.01833578
E:\Udacity\Robotics\Term01\Projects\RoboND-Rover-Project\IMG\robocam_2017_06_04_22_38_23_808.jpg;5.92996;0;0;0;123.9652;99.44974;0.3457953;14.35052;0.01833578
E:\Udacity\Robotics\Term01\Projects\RoboND-Rover-Project\IMG\robocam_2017_06_04_22_38_23_840.jpg;5.92996;0;0;0;123.9652;99.44974;0.3457953;14.35052;0.01833578
E:\Udacity\Robotics\Term01\Projects\RoboND-Rover-Project\IMG\robocam_2017_06_04_22_38_23_874.jpg;5.92996;0;0;0;123.9652;99.44974;0.3457953;14.35052;0.01833578
E:\Udacity\Robotics\Term01\Projects\RoboND-Rover-Project\IMG\robocam_2017_06_04_22_38_23_907.jpg;5.92996;0;0;0;123.9652;99.44974;0.3457953;14.35052;0.01833578
E:\Udacity\Robotics\Term01\Projects\RoboND-Rover-Project\IMG\robocam_2017_06_04_22_38_23_941.jpg;5.92996;0;0;0;123.9652;99.44974;0.3457953;14.35052;0.01833578
E:\Udacity\Robotics\Term01\Projects\RoboND-Rover-Project\IMG\robocam_2017_06_04_22_38_23_974.jpg;5.92996;0;0;0;123.9652;99.44974;0.3457953;14.35052;0.01833578
E:\Udacity\Robotics\Term01\Projects\RoboND-Rover-Project\IMG\robocam_2017_06_04_22_38_24_007.jpg;5.92996;0;0;0;123.9652;99.44974;0.3457953;14.35052;0.01833578
E:\Udacity\Robotics\Term01\Projects\RoboND-Rover-Project\IMG\robocam_2017_06_04_22_38_24_041.jpg;5.92996;0;0;0;123.9652;99.44974;0.3457953;14.35052;0.01833578
E:\Udacity\Robotics\Term01\Projects\RoboND-Rover-Project\IMG\robocam_2017_06_04_22_38_24_074.jpg;5.92996;0;0;0;123.9652;99.44974;0.3457953;14.35052;0.01833578
E:\Udacity\Robotics\Term01\Projects\RoboND-Rover-Project\IMG\robocam_2017_06_04_22_38_24_107.jpg;5.92996;0;0;0;123.9652;99.44974;0.3457953;14.35052;0.01833578
E:\Udacity\Robotics\Term01\Projects\RoboND-Rover-Project\IMG\robocam_2017_06_04_22_38_24_140.jpg;5.92996;0;0;0;123.9652;99.44974;0.3457953;14.35052;0.01833578
E:\Udacity\Robotics\Term01\Projects\RoboND-Rover-Project\IMG\robocam_2017_06_04_22_38_24_174.jpg;5.92996;0;0;0;123.9652;99.44974;0.3457953;14.35052;0.01833578
E:\Udacity\Robotics\Term01\Projects\RoboND-Rover-Project\IMG\robocam_2017_06_04_22_38_24_206.jpg;5.92996;0;0;0;123.9652;99.44974;0.3457953;14.35052;0.01833578
E:\Udacity\Robotics\Term01\Projects\RoboND-Rover-Project\IMG\robocam_2017_06_04_22_38_24_241.jpg;5.92996;0;0;0;123.9652;99.44974;0.3457953;14.35052;0.01833578
E:\Udacity\Robotics\Term01\Projects\RoboND-Rover-Project\IMG\robocam_2017_06_04_22_38_24_273.jpg;5.92996;0;0;0;123.9652;99.44974;0.3457953;14.35052;0.01833578
E:\Udacity\Robotics\Term01\Projects\RoboND-Rover-Project\IMG\robocam_2017_06_04_22_38_24_306.jpg;5.92996;0;0;0;123.9652;99.44974;0.3457953;14.35052;0.01833578
E:\Udacity\Robotics\Term01\Projects\RoboND-Rover-Project\IMG\robocam_2017_06_04_22_38_24_340.jpg;5.92996;0;0;0;123.9652;99.44974;0.3457953;14.35052;0.01833578
E:\Udacity\Robotics\Term01\Projects\RoboND-Rover-Project\IMG\robocam_2017_06_04_22_38_24_373.jpg;5.92996;0;0;0;123.9652;99.44974;0.3457953;14.35052;0.01833578
E:\Udacity\Robotics\Term01\Projects\RoboND-Rover-Project\IMG\robocam_2017_06_04_22_38_24_407.jpg;5.92996;0;0;0;123.9652;99.44974;0.3457953;14.35052;0.01833578
E:\Udacity\Robotics\Term01\Projects\RoboND-Rover-Project\IMG\robocam_2017_06_04_22_38_24_440.jpg;5.92996;0;0;0;123.9652;99.44974;0.3457953;14.35052;0.01833578
E:\Udacity\Robotics\Term01\Projects\RoboND-Rover-Project\IMG\robocam_2017_06_04_22_38_24_473.jpg;5.92996;0;0;0;123.9652;99.44974;0.3457953;14.35052;0.01833578
E:\Udacity\Robotics\Term01\Projects\RoboND-Rover-Project\IMG\robocam_2017_06_04_22_38_24_507.jpg;5.92996;0;0;0;123.9652;99.44974;0.3457953;14.35052;0.01833578
E:\Udacity\Robotics\Term01\Projects\RoboND-Rover-Project\IMG\robocam_2017_06_04_22_38_24_539.jpg;5.92996;0;0;0;123.9652;99.44974;0.3457953;14.35052;0.01833578
E:\Udacity\Robotics\Term01\Projects\RoboND-Rover-Project\IMG\robocam_2017_06_04_22_38_24_574.jpg;5.92996;0;0;0;123.9652;99.44974;0.3457953;14.35052;0.01833578
E:\Udacity\Robotics\Term01\Projects\RoboND-Rover-Project\IMG\robocam_2017_06_04_22_38_24_607.jpg;5.92996;0;0;0;123.9652;99.44974;0.3457953;14.35052;0.01833578
E:\Udacity\Robotics\Term01\Projects\RoboND-Rover-Project\IMG\robocam_2017_06_04_22_38_24_638.jpg;5.92996;0;0;0;123.9652;99.44974;0.3457953;14.35052;0.01833578
E:\Udacity\Robotics\Term01\Projects\RoboND-Rover-Project\IMG\robocam_2017_06_04_22_38_24_671.jpg;5.92996;0;0;0;123.9652;99.44974;0.3457953;14.35052;0.01833578
E:\Udacity\Robotics\Term01\Projects\RoboND-Rover-Project\IMG\robocam_2017_06_04_22_38_24_707.jpg;5.92996;0;0;0;123.9652;99.44974;0.3457953;14.35052;0.01833578
E:\Udacity\Robotics\Term01\Projects\RoboND-Rover-Project\IMG\robocam_2017_06_04_22_38_24_740.jpg;5.92996;0;0;0;123.9652;99.44974;0.3457953;14.35052;0.01833578
E:\Udacity\Robotics\Term01\Projects\RoboND-Rover-Project\IMG\robocam_2017_06_04_22_38_24_771.jpg;5.92996;0;0;0;123.9652;99.44974;0.3457953;14.35052;0.01833578
E:\Udacity\Robotics\Term01\Projects\RoboND-Rover-Project\IMG\robocam_2017_06_04_22_38_24_804.jpg;5.92996;0;0;0;123.9652;99.44974;0.3457953;14.35052;0.01833578
E:\Udacity\Robotics\Term01\Projects\RoboND-Rover-Project\IMG\robocam_2017_06_04_22_38_24_840.jpg;5.92996;0;0;0;123.9652;99.44974;0.3457953;14.35052;0.01833578
E:\Udacity\Robotics\Term01\Projects\RoboND-Rover-Project\IMG\robocam_2017_06_04_22_38_24_873.jpg;5.92996;0;0;0;123.9652;99.44974;0.3457953;14.35052;0.01833578
E:\Udacity\Robotics\Term01\Projects\RoboND-Rover-Project\IMG\robocam_2017_06_04_22_38_24_907.jpg;5.92996;0;0;0;123.9652;99.44974;0.3457953;14.35052;0.01833578
E:\Udacity\Robotics\Term01\Projects\RoboND-Rover-Project\IMG\robocam_2017_06_04_22_38_24_941.jpg;5.92996;0;0;0;123.9652;99.44974;0.3457953;14.35052;0.01833578
E:\Udacity\Robotics\Term01\Projects\RoboND-Rover-Project\IMG\robocam_2017_06_04_22_38_24_973.jpg;5.92996;0;0;0;123.9652;99.44974;0.3457953;14.35052;0.01833578
E:\Udacity\Robotics\Term01\Projects\RoboND-Rover-Project\IMG\robocam_2017_06_04_22_38_25_006.jpg;5.92996;0;0;0;123.9652;99.44974;0.3457953;14.35052;0.01833578
E:\Udacity\Robotics\Term01\Projects\RoboND-Rover-Project\IMG\robocam_2017_06_04_22_38_25_040.jpg;5.92996;0;0;0;123.9652;99.44974;0.3457953;14.35052;0.01833578
E:\Udacity\Robotics\Term01\Projects\RoboND-Rover-Project\IMG\robocam_2017_06_04_22_38_25_073.jpg;5.92996;0;0;0;123.9652;99.44974;0.3457953;14.35052;0.01833578
E:\Udacity\Robotics\Term01\Projects\RoboND-Rover-Project\IMG\robocam_2017_06_04_22_38_25_107.jpg;5.92996;0;0;0;123.9652;99.44974;0.3457953;14.35052;0.01833578
E:\Udacity\Robotics\Term01\Projects\RoboND-Rover-Project\IMG\robocam_2017_06_04_22_38_25_139.jpg;5.92996;0;0;0;123.9652;99.44974;0.3457953;14.35052;0.01833578
E:\Udacity\Robotics\Term01\Projects\RoboND-Rover-Project\IMG\robocam_2017_06_04_22_38_25_174.jpg;5.92996;0;0;0;123.9652;99.44974;0.3457953;14.35052;0.01833578
E:\Udacity\Robotics\Term01\Projects\RoboND-Rover-Project\IMG\robocam_2017_06_04_22_38_25_206.jpg;5.92996;0;0;0;123.9652;99.44974;0.3457953;14.35052;0.01833578
E:\Udacity\Robotics\Term01\Projects\RoboND-Rover-Project\IMG\robocam_2017_06_04_22_38_25_240.jpg;5.92996;0;0;0;123.9652;99.44974;0.3457953;14.35052;0.01833578
E:\Udacity\Robotics\Term01\Projects\RoboND-Rover-Project\IMG\robocam_2017_06_04_22_38_25_274.jpg;5.92996;0;0;0;123.9652;99.44974;0.3457953;14.35052;0.01833578
E:\Udacity\Robotics\Term01\Projects\RoboND-Rover-Project\IMG\robocam_2017_06_04_22_38_25_306.jpg;5.92996;0;0;0;123.9652;99.44974;0.3457953;14.35052;0.01833578
E:\Udacity\Robotics\Term01\Projects\RoboND-Rover-Project\IMG\robocam_2017_06_04_22_38_25_340.jpg;5.92996;0;0;0;123.9652;99.44974;0.3457953;14.35052;0.01833578
E:\Udacity\Robotics\Term01\Projects\RoboND-Rover-Project\IMG\robocam_2017_06_04_22_38_25_373.jpg;5.92996;0;0;0;123.9652;99.44974;0.3457953;14.35052;0.01833578
E:\Udacity\Robotics\Term01\Projects\RoboND-Rover-Project\IMG\robocam_2017_06_04_22_38_25_406.jpg;5.92996;0;0;0;123.9652;99.44974;0.3457953;14.35052;0.01833578
E:\Udacity\Robotics\Term01\Projects\RoboND-Rover-Project\IMG\robocam_2017_06_04_22_38_25_440.jpg;5.92996;0;0;0;123.9652;99.44974;0.3457953;14.35052;0.01833578
E:\Udacity\Robotics\Term01\Projects\RoboND-Rover-Project\IMG\robocam_2017_06_04_22_38_25_474.jpg;5.92996;0;0;0;123.9652;99.44974;0.3457953;14.35052;0.01833578
E:\Udacity\Robotics\Term01\Projects\RoboND-Rover-Project\IMG\robocam_2017_06_04_22_38_25_506.jpg;5.92996;0;0;0;123.9652;99.44974;0.3457953;14.35052;0.01833578
E:\Udacity\Robotics\Term01\Projects\RoboND-Rover-Project\IMG\robocam_2017_06_04_22_38_25_540.jpg;5.92996;0;0;0;123.9652;99.44974;0.3457953;14.35052;0.01833578
E:\Udacity\Robotics\Term01\Projects\RoboND-Rover-Project\IMG\robocam_2017_06_04_22_38_25_573.jpg;5.92996;0;0;0;123.9652;99.44974;0.3457953;14.35052;0.01833578
E:\Udacity\Robotics\Term01\Projects\RoboND-Rover-Project\IMG\robocam_2017_06_04_22_38_25_607.jpg;5.92996;0;0;0;123.9652;99.44974;0.3457953;14.35052;0.01833578
E:\Udacity\Robotics\Term01\Projects\RoboND-Rover-Project\IMG\robocam_2017_06_04_22_38_25_638.jpg;5.92996;0;0;0;123.9652;99.44974;0.3457953;14.35052;0.01833578
E:\Udacity\Robotics\Term01\Projects\RoboND-Rover-Project\IMG\robocam_2017_06_04_22_38_25_671.jpg;5.92996;0;0;0;123.9652;99.44974;0.3457953;14.35052;0.01833578
E:\Udacity\Robotics\Term01\Projects\RoboND-Rover-Project\IMG\robocam_2017_06_04_22_38_25_704.jpg;5.92996;0;0;0;123.9652;99.44974;0.3457953;14.35052;0.01833578
E:\Udacity\Robotics\Term01\Projects\RoboND-Rover-Project\IMG\robocam_2017_06_04_22_38_25_741.jpg;5.92996;0;0;0;123.9652;99.44974;0.3457953;14.35052;0.01833578
E:\Udacity\Robotics\Term01\Projects\RoboND-Rover-Project\IMG\robocam_2017_06_04_22_38_25_773.jpg;5.92996;0;0;0;123.9652;99.44974;0.3457953;14.35052;0.01833578
E:\Udacity\Robotics\Term01\Projects\RoboND-Rover-Project\IMG\robocam_2017_06_04_22_38_25_806.jpg;5.92996;0;0;0;123.9652;99.44974;0.3457953;14.35052;0.01833578
E:\Udacity\Robotics\Term01\Projects\RoboND-Rover-Project\IMG\robocam_2017_06_04_22_38_25_840.jpg;5.92996;0;0;0;123.9652;99.44974;0.3457953;14.35052;0.01833578
E:\Udacity\Robotics\Term01\Projects\RoboND-Rover-Project\IMG\robocam_2017_06_04_22_38_25_874.jpg;5.92996;0;0;0;123.9652;99.44974;0.3457953;14.35052;0.01833578
E:\Udacity\Robotics\Term01\Projects\RoboND-Rover-Project\IMG\robocam_2017_06_04_22_38_25_907.jpg;5.92996;0;0;0;123.9652;99.44974;0.3457953;14.35052;0.01833578
E:\Udacity\Robotics\Term01\Projects\RoboND-Rover-Project\IMG\robocam_2017_06_04_22_38_25_940.jpg;5.92996;0;0;0;123.9652;99.44974;0.3457953;14.35052;0.01833578
E:\Udacity\Robotics\Term01\Projects\RoboND-Rover-Project\IMG\robocam_2017_06_04_22_38_25_973.jpg;5.92996;0;0;0;123.9652;99.44974;0.3457953;14.35052;0.01833578
E:\Udacity\Robotics\Term01\Projects\RoboND-Rover-Project\IMG\robocam_2017_06_04_22_38_26_007.jpg;5.92996;0;0;0;123.9652;99.44974;0.3457953;14.35052;0.01833578
E:\Udacity\Robotics\Term01\Projects\RoboND-Rover-Project\IMG\robocam_2017_06_04_22_38_26_040.jpg;5.92996;0;0;0;123.9652;99.44974;0.3457953;14.35052;0.01833578
E:\Udacity\Robotics\Term01\Projects\RoboND-Rover-Project\IMG\robocam_2017_06_04_22_38_26_073.jpg;5.92996;0;0;0;123.9652;99.44974;0.3457953;14.35052;0.01833578
E:\Udacity\Robotics\Term01\Projects\RoboND-Rover-Project\IMG\robocam_2017_06_04_22_38_26_106.jpg;5.92996;0;0;0;123.9652;99.44974;0.3457953;14.35052;0.01833578
E:\Udacity\Robotics\Term01\Projects\RoboND-Rover-Project\IMG\robocam_2017_06_04_22_38_26_140.jpg;5.92996;0;0;0;123.9652;99.44974;0.3457953;14.35052;0.01833578
E:\Udacity\Robotics\Term01\Projects\RoboND-Rover-Project\IMG\robocam_2017_06_04_22_38_26_174.jpg;5.92996;0;0;0;123.9652;99.44974;0.3457953;14.35052;0.01833578
E:\Udacity\Robotics\Term01\Projects\RoboND-Rover-Project\IMG\robocam_2017_06_04_22_38_26_206.jpg;5.92996;0;0;0;123.9652;99.44974;0.3457953;14.35052;0.01833578
E:\Udacity\Robotics\Term01\Projects\RoboND-Rover-Project\IMG\robocam_2017_06_04_22_38_26_239.jpg;5.92996;0;0;0;123.9652;99.44974;0.3457953;14.35052;0.01833578
E:\Udacity\Robotics\Term01\Projects\RoboND-Rover-Project\IMG\robocam_2017_06_04_22_38_26_274.jpg;5.92996;0;0;0;123.9652;99.44974;0.3457953;14.35052;0.01833578
E:\Udacity\Robotics\Term01\Projects\RoboND-Rover-Project\IMG\robocam_2017_06_04_22_38_26_306.jpg;5.92996;0;0;0;123.9652;99.44974;0.3457953;14.35052;0.01833578
E:\Udacity\Robotics\Term01\Projects\RoboND-Rover-Project\IMG\robocam_2017_06_04_22_38_26_341.jpg;5.92996;0;0;0;123.9652;99.44974;0.3457953;14.35052;0.01833578
E:\Udacity\Robotics\Term01\Projects\RoboND-Rover-Project\IMG\robocam_2017_06_04_22_38_26_373.jpg;5.92996;0;0;0;123.9652;99.44974;0.3457953;14.35052;0.01833578
E:\Udacity\Robotics\Term01\Projects\RoboND-Rover-Project\IMG\robocam_2017_06_04_22_38_26_407.jpg;5.92996;0;0;0;123.9652;99.44974;0.3457953;14.35052;0.01833578
E:\Udacity\Robotics\Term01\Projects\RoboND-Rover-Project\IMG\robocam_2017_06_04_22_38_26_437.jpg;5.92996;0;0;0;123.9652;99.44974;0.3457953;14.35052;0.01833578
E:\Udacity\Robotics\Term01\Projects\RoboND-Rover-Project\IMG\robocam_2017_06_04_22_38_26_471.jpg;5.92996;0;0;0;123.9652;99.44974;0.3457953;14.35052;0.01833578
E:\Udacity\Robotics\Term01\Projects\RoboND-Rover-Project\IMG\robocam_2017_06_04_22_38_26_504.jpg;5.92996;0;0;0;123.9652;99.44974;0.3457953;14.35052;0.01833578
E:\Udacity\Robotics\Term01\Projects\RoboND-Rover-Project\IMG\robocam_2017_06_04_22_38_26_538.jpg;5.92996;0;0;0;123.9652;99.44974;0.3457953;14.35052;0.01833578
E:\Udacity\Robotics\Term01\Projects\RoboND-Rover-Project\IMG\robocam_2017_06_04_22_38_26_573.jpg;5.92996;0;0;0;123.9652;99.44974;0.3457953;14.35052;0.01833578
E:\Udacity\Robotics\Term01\Projects\RoboND-Rover-Project\IMG\robocam_2017_06_04_22_38_26_606.jpg;5.92996;0;0;0;123.9652;99.44974;0.3457953;14.35052;0.01833578
E:\Udacity\Robotics\Term01\Projects\RoboND-Rover-Project\IMG\robocam_2017_06_04_22_38_26_638.jpg;5.92996;0;0;0;123.9652;99.44974;0.3457953;14.35052;0.01833578
E:\Udacity\Robotics\Term01\Projects\RoboND-Rover-Project\IMG\robocam_2017_06_04_22_38_26_670.jpg;5.92996;0;0;0;123.9652;99.44974;0.3457953;14.35052;0.01833578
E:\Udacity\Robotics\Term01\Projects\RoboND-Rover-Project\IMG\robocam_2017_06_04_22_38_26_707.jpg;5.92996;0;0;0;123.9652;99.44974;0.3457953;14.35052;0.01833578
E:\Udacity\Robotics\Term01\Projects\RoboND-Rover-Project\IMG\robocam_2017_06_04_22_38_26_741.jpg;5.92996;0;0;0;123.9652;99.44974;0.3457953;14.35052;0.01833578
E:\Udacity\Robotics\Term01\Projects\RoboND-Rover-Project\IMG\robocam_2017_06_04_22_38_26_774.jpg;5.92996;0;0;0;123.9652;99.44974;0.3457953;14.35052;0.01833578
E:\Udacity\Robotics\Term01\Projects\RoboND-Rover-Project\IMG\robocam_2017_06_04_22_38_26_807.jpg;5.92996;0;0;0;123.9652;99.44974;0.3457953;14.35052;0.01833578
E:\Udacity\Robotics\Term01\Projects\RoboND-Rover-Project\IMG\robocam_2017_06_04_22_38_26_840.jpg;5.92996;0;0;0;123.9652;99.44974;0.3457953;14.35052;0.01833578
E:\Udacity\Robotics\Term01\Projects\RoboND-Rover-Project\IMG\robocam_2017_06_04_22_38_26_874.jpg;5.92996;0;0;0;123.9652;99.44974;0.3457953;14.35052;0.01833578
E:\Udacity\Robotics\Term01\Projects\RoboND-Rover-Project\IMG\robocam_2017_06_04_22_38_26_906.jpg;5.92996;0;0;0;123.9652;99.44974;0.3457953;14.35052;0.01833578
E:\Udacity\Robotics\Term01\Projects\RoboND-Rover-Project\IMG\robocam_2017_06_04_22_38_26_941.jpg;5.92996;0;0;0;123.9652;99.44974;0.3457953;14.35052;0.01833578
E:\Udacity\Robotics\Term01\Projects\RoboND-Rover-Project\IMG\robocam_2017_06_04_22_38_26_974.jpg;5.92996;0;0;0;123.9652;99.44974;0.3457953;14.35052;0.01833578
E:\Udacity\Robotics\Term01\Projects\RoboND-Rover-Project\IMG\robocam_2017_06_04_22_38_27_007.jpg;5.92996;0;0;0;123.9652;99.44974;0.3457953;14.35052;0.01833578
E:\Udacity\Robotics\Term01\Projects\RoboND-Rover-Project\IMG\robocam_2017_06_04_22_38_27_040.jpg;5.92996;0;0;0;123.9652;99.44974;0.3457953;14.35052;0.01833578
E:\Udacity\Robotics\Term01\Projects\RoboND-Rover-Project\IMG\robocam_2017_06_04_22_38_27_074.jpg;5.92996;0;0;0;123.9652;99.44974;0.3457953;14.35052;0.01833578
E:\Udacity\Robotics\Term01\Projects\RoboND-Rover-Project\IMG\robocam_2017_06_04_22_38_27_107.jpg;5.92996;0;0;0;123.9652;99.44974;0.3457953;14.35052;0.01833578
E:\Udacity\Robotics\Term01\Projects\RoboND-Rover-Project\IMG\robocam_2017_06_04_22_38_27_140.jpg;5.92996;0;0;0;123.9652;99.44974;0.3457953;14.35052;0.01833578
E:\Udacity\Robotics\Term01\Projects\RoboND-Rover-Project\IMG\robocam_2017_06_04_22_38_27_174.jpg;5.92996;0;0;0;123.9652;99.44974;0.3457953;14.35052;0.01833578
E:\Udacity\Robotics\Term01\Projects\RoboND-Rover-Project\IMG\robocam_2017_06_04_22_38_27_208.jpg;5.92996;0;0;0;123.9652;99.44974;0.3457953;14.35052;0.01833578
E:\Udacity\Robotics\Term01\Projects\RoboND-Rover-Project\IMG\robocam_2017_06_04_22_38_27_241.jpg;5.92996;0;0;0;123.9652;99.44974;0.3457953;14.35052;0.01833578
E:\Udacity\Robotics\Term01\Projects\RoboND-Rover-Project\IMG\robocam_2017_06_04_22_38_27_274.jpg;5.92996;0;0;0;123.9652;99.44974;0.3457953;14.35052;0.01833578
E:\Udacity\Robotics\Term01\Projects\RoboND-Rover-Project\IMG\robocam_2017_06_04_22_38_27_307.jpg;5.92996;0;0;0;123.9652;99.44974;0.3457953;14.35052;0.01833578
E:\Udacity\Robotics\Term01\Projects\RoboND-Rover-Project\IMG\robocam_2017_06_04_22_38_27_341.jpg;5.92996;0;0;0;123.9652;99.44974;0.3457953;14.35052;0.01833578
E:\Udacity\Robotics\Term01\Projects\RoboND-Rover-Project\IMG\robocam_2017_06_04_22_38_27_374.jpg;5.92996;0;0;0;123.9652;99.44974;0.3457953;14.35052;0.01833578
E:\Udacity\Robotics\Term01\Projects\RoboND-Rover-Project\IMG\robocam_2017_06_04_22_38_27_408.jpg;5.92996;0;0;0;123.9652;99.44974;0.3435253;14.35052;0.01820469
E:\Udacity\Robotics\Term01\Projects\RoboND-Rover-Project\IMG\robocam_2017_06_04_22_38_27_474.jpg;15;0;0;0;123.9652;99.44974;0.3352918;17.05053;0.002826839
E:\Udacity\Robotics\Term01\Projects\RoboND-Rover-Project\IMG\robocam_2017_06_04_22_38_27_541.jpg;15;0;0;0;123.9652;99.44975;0.3206324;19.75054;359.9897
E:\Udacity\Robotics\Term01\Projects\RoboND-Rover-Project\IMG\robocam_2017_06_04_22_38_27_608.jpg;15;0;0;0;123.9652;99.44975;0.2927392;23.35053;359.9768
E:\Udacity\Robotics\Term01\Projects\RoboND-Rover-Project\IMG\robocam_2017_06_04_22_38_27_675.jpg;15;0;0;0;123.9652;99.44975;0.2668896;26.05055;359.971
E:\Udacity\Robotics\Term01\Projects\RoboND-Rover-Project\IMG\robocam_2017_06_04_22_38_27_741.jpg;15;0;0;0;123.9653;99.44975;0.2379799;28.75058;359.9686
E:\Udacity\Robotics\Term01\Projects\RoboND-Rover-Project\IMG\robocam_2017_06_04_22_38_27_807.jpg;15;0;0;0;123.9653;99.44975;0.1964547;32.35054;359.9708
E:\Udacity\Robotics\Term01\Projects\RoboND-Rover-Project\IMG\robocam_2017_06_04_22_38_27_874.jpg;15;0;0;0;123.9653;99.44975;0.1643366;35.0505;359.9762
E:\Udacity\Robotics\Term01\Projects\RoboND-Rover-Project\IMG\robocam_2017_06_04_22_38_27_941.jpg;15;0;0;0.01022273;123.9653;99.44975;0.1323666;37.75044;359.9844
E:\Udacity\Robotics\Term01\Projects\RoboND-Rover-Project\IMG\robocam_2017_06_04_22_38_28_007.jpg;15;0;0;0.01026458;123.9653;99.44975;0.1013191;40.4504;-0.004969157
E:\Udacity\Robotics\Term01\Projects\RoboND-Rover-Project\IMG\robocam_2017_06_04_22_38_28_074.jpg;15;0;0;0.01005805;123.9653;99.44976;0.06248067;44.05042;0.01198364
E:\Udacity\Robotics\Term01\Projects\RoboND-Rover-Project\IMG\robocam_2017_06_04_22_38_28_141.jpg;15;0;0;0;123.9653;99.44976;0.03593681;46.75039;0.02608022
E:\Udacity\Robotics\Term01\Projects\RoboND-Rover-Project\IMG\robocam_2017_06_04_22_38_28_208.jpg;15;0;0;0;123.9653;99.44977;0.004694051;50.3504;0.04562519
E:\Udacity\Robotics\Term01\Projects\RoboND-Rover-Project\IMG\robocam_2017_06_04_22_38_28_273.jpg;12.03949;0.1973673;0;0.01876104;123.966;99.45068;0.006659786;50.32922;0.06068014
E:\Udacity\Robotics\Term01\Projects\RoboND-Rover-Project\IMG\robocam_2017_06_04_22_38_28_341.jpg;9.020962;0.3986025;0;0.01427073;123.9672;99.45222;0.02493996;50.44709;0.07393495
E:\Udacity\Robotics\Term01\Projects\RoboND-Rover-Project\IMG\robocam_2017_06_04_22_38_28_406.jpg;6.020825;0.5986117;0;0.03562744;123.9695;99.45552;0.0882372;50.60628;0.08835559
E:\Udacity\Robotics\Term01\Projects\RoboND-Rover-Project\IMG\robocam_2017_06_04_22_38_28_473.jpg;3.01731;0.798846;0;0.08255789;123.9757;99.46356;0.2644958;50.75834;0.1014557
E:\Udacity\Robotics\Term01\Projects\RoboND-Rover-Project\IMG\robocam_2017_06_04_22_38_28_540.jpg;0.1203196;0.9919787;0;0.1236416;123.9835;99.47277;0.4645391;50.8421;0.08487056
E:\Udacity\Robotics\Term01\Projects\RoboND-Rover-Project\IMG\robocam_2017_06_04_22_38_28_607.jpg;0;1;0;0.188509;123.9929;99.48394;0.677711;50.68356;0.05285337
E:\Udacity\Robotics\Term01\Projects\RoboND-Rover-Project\IMG\robocam_2017_06_04_22_38_28_671.jpg;0;1;0;0.2477252;124.0093;99.50377;1.024099;50.66974;359.9925
E:\Udacity\Robotics\Term01\Projects\RoboND-Rover-Project\IMG\robocam_2017_06_04_22_38_28_741.jpg;0;1;0;0.3001341;124.0232;99.52154;1.269931;50.76921;359.9933
E:\Udacity\Robotics\Term01\Projects\RoboND-Rover-Project\IMG\robocam_2017_06_04_22_38_28_807.jpg;0;1;0;0.3476598;124.0368;99.53802;1.289397;50.7604;-0.003162591
E:\Udacity\Robotics\Term01\Projects\RoboND-Rover-Project\IMG\robocam_2017_06_04_22_38_28_874.jpg;0;1;0;0.4201832;124.0572;99.56287;1.150733;50.6504;-0.001072663
E:\Udacity\Robotics\Term01\Projects\RoboND-Rover-Project\IMG\robocam_2017_06_04_22_38_28_940.jpg;0;1;0;0.4762138;124.075;99.58466;1.099052;50.75948;-0.0002632242
E:\Udacity\Robotics\Term01\Projects\RoboND-Rover-Project\IMG\robocam_2017_06_04_22_38_29_007.jpg;0;1;0;0.5287028;124.0954;99.60934;1.104827;50.74617;4.939465E-05
E:\Udacity\Robotics\Term01\Projects\RoboND-Rover-Project\IMG\robocam_2017_06_04_22_38_29_075.jpg;0;1;0;0.5783474;124.126;99.64671;1.186083;50.83364;-0.0007066224
E:\Udacity\Robotics\Term01\Projects\RoboND-Rover-Project\IMG\robocam_2017_06_04_22_38_29_141.jpg;0;1;0;0.6163569;124.1513;99.67737;1.248117;50.79294;-0.001622795
E:\Udacity\Robotics\Term01\Projects\RoboND-Rover-Project\IMG\robocam_2017_06_04_22_38_29_207.jpg;0;1;0;0.6791816;124.1773;99.70898;1.222813;50.78657;-0.0009843316
E:\Udacity\Robotics\Term01\Projects\RoboND-Rover-Project\IMG\robocam_2017_06_04_22_38_29_274.jpg;0;1;0;0.7496369;124.2151;99.755;1.19186;50.82834;-0.0006738798
E:\Udacity\Robotics\Term01\Projects\RoboND-Rover-Project\IMG\robocam_2017_06_04_22_38_29_341.jpg;0;1;0;0.8082958;124.2465;99.79321;1.219666;50.8521;-0.001009603
E:\Udacity\Robotics\Term01\Projects\RoboND-Rover-Project\IMG\robocam_2017_06_04_22_38_29_407.jpg;0;1;0;0.8688189;124.2796;99.83351;1.233462;50.87573;-0.0009724067
E:\Udacity\Robotics\Term01\Projects\RoboND-Rover-Project\IMG\robocam_2017_06_04_22_38_29_474.jpg;0;1;0;0.9178531;124.3265;99.89066;1.229414;50.91649;-0.0006684986
E:\Udacity\Robotics\Term01\Projects\RoboND-Rover-Project\IMG\robocam_2017_06_04_22_38_29_537.jpg;0;1;0;0.9826755;124.3636;99.93609;1.214454;50.92317;-0.001005865
E:\Udacity\Robotics\Term01\Projects\RoboND-Rover-Project\IMG\robocam_2017_06_04_22_38_29_607.jpg;0;1;0;1.024767;124.4025;99.98355;1.2124;50.86776;-0.0002564296
E:\Udacity\Robotics\Term01\Projects\RoboND-Rover-Project\IMG\robocam_2017_06_04_22_38_29_674.jpg;0;1;0;1.071811;124.4576;100.0508;1.227861;50.8932;-0.000757818
E:\Udacity\Robotics\Term01\Projects\RoboND-Rover-Project\IMG\robocam_2017_06_04_22_38_29_741.jpg;0;1;0;1.124882;124.501;100.1037;1.227783;50.88435;-0.0007791405
E:\Udacity\Robotics\Term01\Projects\RoboND-Rover-Project\IMG\robocam_2017_06_04_22_38_29_806.jpg;0;1;0;1.190017;124.5462;100.1588;1.229652;50.86409;-0.0007530684
E:\Udacity\Robotics\Term01\Projects\RoboND-Rover-Project\IMG\robocam_2017_06_04_22_38_29_873.jpg;0;1;0;1.229978;124.6091;100.2355;1.229801;50.82816;-0.0007502129
E:\Udacity\Robotics\Term01\Projects\RoboND-Rover-Project\IMG\robocam_2017_06_04_22_38_29_940.jpg;0;1;0;1.277671;124.6585;100.2957;1.237156;50.80193;-0.0007815985
E:\Udacity\Robotics\Term01\Projects\RoboND-Rover-Project\IMG\robocam_2017_06_04_22_38_30_007.jpg;0;1;0;1.340419;124.7271;100.3792;1.240177;50.77704;-0.0008172794
E:\Udacity\Robotics\Term01\Projects\RoboND-Rover-Project\IMG\robocam_2017_06_04_22_38_30_074.jpg;0;1;0;1.388457;124.7807;100.4443;1.24245;50.75876;-0.0008652362
E:\Udacity\Robotics\Term01\Projects\RoboND-Rover-Project\IMG\robocam_2017_06_04_22_38_30_142.jpg;0;1;0;1.437011;124.8361;100.5117;1.246576;50.74483;-0.0009389463
E:\Udacity\Robotics\Term01\Projects\RoboND-Rover-Project\IMG\robocam_2017_06_04_22_38_30_208.jpg;0;1;0;1.498739;124.9129;100.6049;1.253556;50.72649;-0.0009649684
E:\Udacity\Robotics\Term01\Projects\RoboND-Rover-Project\IMG\robocam_2017_06_04_22_38_30_275.jpg;0;1;0;1.54539;124.9725;100.6772;1.254644;50.71576;-0.0009595248
E:\Udacity\Robotics\Term01\Projects\RoboND-Rover-Project\IMG\robocam_2017_06_04_22_38_30_341.jpg;0;1;0;1.592767;125.034;100.7518;1.2622;50.70397;-0.001003961
E:\Udacity\Robotics\Term01\Projects\RoboND-Rover-Project\IMG\robocam_2017_06_04_22_38_30_407.jpg;0;1;0;1.654449;125.0972;100.8284;1.263847;50.69359;-0.001000359
E:\Udacity\Robotics\Term01\Projects\RoboND-Rover-Project\IMG\robocam_2017_06_04_22_38_30_474.jpg;0;1;0;1.700382;125.1843;100.9339;1.269299;50.67948;-0.001027075
E:\Udacity\Robotics\Term01\Projects\RoboND-Rover-Project\IMG\robocam_2017_06_04_22_38_30_541.jpg;0;1;0;1.761605;125.2516;101.0154;1.273425;50.66786;-0.001043543
E:\Udacity\Robotics\Term01\Projects\RoboND-Rover-Project\IMG\robocam_2017_06_04_22_38_30_605.jpg;0;1;0;1.807213;125.3208;101.0991;1.279731;50.65688;-0.001066202
E:\Udacity\Robotics\Term01\Projects\RoboND-Rover-Project\IMG\robocam_2017_06_04_22_38_30_670.jpg;0;1;0;1.852129;125.4157;101.214;1.286406;50.64097;-0.001074238
E:\Udacity\Robotics\Term01\Projects\RoboND-Rover-Project\IMG\robocam_2017_06_04_22_38_30_741.jpg;0;1;0;1.897467;125.489;101.3025;1.290629;50.62996;-0.001089692
E:\Udacity\Robotics\Term01\Projects\RoboND-Rover-Project\IMG\robocam_2017_06_04_22_38_30_806.jpg;0;1;0;1.958432;125.5639;101.3932;1.294244;50.61888;-0.001114379
E:\Udacity\Robotics\Term01\Projects\RoboND-Rover-Project\IMG\robocam_2017_06_04_22_38_30_876.jpg;0;1;0;2.003415;125.6666;101.5172;1.299716;50.60382;-0.001133062
E:\Udacity\Robotics\Term01\Projects\RoboND-Rover-Project\IMG\robocam_2017_06_04_22_38_30_941.jpg;0;1;0;2.047434;125.7456;101.6126;1.302822;50.59295;-0.001157242
E:\Udacity\Robotics\Term01\Projects\RoboND-Rover-Project\IMG\robocam_2017_06_04_22_38_31_007.jpg;0;1;0;2.107719;125.8263;101.7101;1.30346;50.58178;-0.001152305
E:\Udacity\Robotics\Term01\Projects\RoboND-Rover-Project\IMG\robocam_2017_06_04_22_38_31_072.jpg;0;1;0;2.151925;125.9367;101.8432;1.308423;50.56728;-0.001176006
E:\Udacity\Robotics\Term01\Projects\RoboND-Rover-Project\IMG\robocam_2017_06_04_22_38_31_138.jpg;0;1;0;2.196284;126.0215;101.9454;1.314596;50.55545;-0.001213959
E:\Udacity\Robotics\Term01\Projects\RoboND-Rover-Project\IMG\robocam_2017_06_04_22_38_31_207.jpg;0;1;0;2.255128;126.1079;102.0496;1.315156;50.54436;-0.001218042
E:\Udacity\Robotics\Term01\Projects\RoboND-Rover-Project\IMG\robocam_2017_06_04_22_38_31_273.jpg;0;1;0;2.29887;126.2258;102.1917;1.319922;50.53051;-0.001248522
E:\Udacity\Robotics\Term01\Projects\RoboND-Rover-Project\IMG\robocam_2017_06_04_22_38_31_341.jpg;0;0.9007808;0;2.342772;126.3162;102.3005;1.318656;50.51828;-0.001233202
E:\Udacity\Robotics\Term01\Projects\RoboND-Rover-Project\IMG\robocam_2017_06_04_22_38_31_406.jpg;0;0.700764;0;2.39195;126.4079;102.4109;1.317435;50.50874;-0.0006922199
E:\Udacity\Robotics\Term01\Projects\RoboND-Rover-Project\IMG\robocam_2017_06_04_22_38_31_474.jpg;0;0.5005836;0;2.416992;126.5316;102.5598;1.313151;50.48959;-0.0006439144
E:\Udacity\Robotics\Term01\Projects\RoboND-Rover-Project\IMG\robocam_2017_06_04_22_38_31_541.jpg;0;0.3014359;0;2.433662;126.6249;102.6719;1.287247;50.47414;-0.0005855697
E:\Udacity\Robotics\Term01\Projects\RoboND-Rover-Project\IMG\robocam_2017_06_04_22_38_31_607.jpg;0;0.1006712;0;2.441137;126.7179;102.7837;1.228295;50.45871;-0.000503175
E:\Udacity\Robotics\Term01\Projects\RoboND-Rover-Project\IMG\robocam_2017_06_04_22_38_31_673.jpg;0;0;0;2.436006;126.841;102.9316;1.086011;50.43883;-0.0003178743
